Symbol,RealtimePrice,RealtimeTime,Close,MA5,MA10,CloseVsMA5,CloseVsMA10,Volume,HistoryCsv
0050.TW,100.25,13:30:00,100.25,102.98999999999998,103.965,below,below,192916596,C:\codex\stock_data\history\0050_TW.csv
0056.TW,49.62,13:30:00,51.25,51.79,51.232000000000006,below,above,58646039,C:\codex\stock_data\history\0056_TW.csv
00878.TW,31.6,13:30:00,32.31,32.343999999999994,31.750999999999998,below,above,85554155,C:\codex\stock_data\history\00878_TW.csv
00981A.TW,29.89,13:30:00,31.23,31.02,30.195999999999998,above,above,233150473,C:\codex\stock_data\history\00981A_TW.csv
1102.TW,34.4,13:30:00,33.9,34.12,33.76,below,above,13168150,C:\codex\stock_data\history\1102_TW.csv
1215.TW,118.0,13:30:00,115.0,115.8,120.0,below,below,3248233,C:\codex\stock_data\history\1215_TW.csv
1216.TW,74.4,13:30:00,74.1,73.53999999999999,75.01,above,below,14802022,C:\codex\stock_data\history\1216_TW.csv
1301.TW,44.4,13:30:00,45.55,48.62,,below,N/A,24879279,C:\codex\stock_data\history\1301_TW.csv
1303.TW,94.8,13:30:00,99.2,105.04,101.59,below,below,68161804,C:\codex\stock_data\history\1303_TW.csv
1319.TW,107.0,13:30:00,105.0,98.3000015258789,93.14000015258789,above,above,10891675,C:\codex\stock_data\history\1319_TW.csv
1336.TW,13.75,13:30:00,13.75,14.030000000000001,13.794999999999998,below,below,90000,C:\codex\stock_data\history\1336_TW.csv
1402.TW,27.65,13:30:00,27.7,27.369999999999997,,above,N/A,59386230,C:\codex\stock_data\history\1402_TW.csv
1471.TW,10.8,13:30:00,11.1,11.47,,below,N/A,672762,C:\codex\stock_data\history\1471_TW.csv
1477.TW,222.0,13:30:00,226.0,227.9,,below,N/A,1647347,C:\codex\stock_data\history\1477_TW.csv
1503.TW,217.0,13:30:00,229.5,242.6,,below,N/A,6872007,C:\codex\stock_data\history\1503_TW.csv
1513.TW,164.5,13:30:00,169.5,176.2,,below,N/A,10947365,C:\codex\stock_data\history\1513_TW.csv
1514.TW,119.0,13:30:00,125.5,134.2,129.75,below,below,10069463,C:\codex\stock_data\history\1514_TW.csv
1519.TW,791.0,13:30:00,843.0,870.8,,below,N/A,2828393,C:\codex\stock_data\history\1519_TW.csv
1569.TW,48.8,13:30:00,48.8,50.190000000000005,51.175,below,below,924000,C:\codex\stock_data\history\1569_TW.csv
1582.TW,88.5,13:30:00,93.9000015258789,103.01999969482422,108.40999984741211,below,below,5885283,C:\codex\stock_data\history\1582_TW.csv
1595.TW,71.2,13:30:00,71.2,74.98,78.22,below,below,1425000,C:\codex\stock_data\history\1595_TW.csv
1605.TW,34.8,13:30:00,36.5,39.22999954223633,38.85499992370605,below,below,45323173,C:\codex\stock_data\history\1605_TW.csv
1609.TW,36.65,13:30:00,37.75,39.79000015258789,38.820000076293944,below,below,8396549,C:\codex\stock_data\history\1609_TW.csv
1785.TW,132.5,13:30:00,132.5,134.4,141.95,below,below,11834000,C:\codex\stock_data\history\1785_TW.csv
1815.TW,91.4,13:30:00,91.4,98.64000000000001,102.77000000000001,below,below,20187000,C:\codex\stock_data\history\1815_TW.csv
2002.TW,18.7,13:30:00,18.75,19.07,19.045,below,below,55158381,C:\codex\stock_data\history\2002_TW.csv
2006.TW,66.6,13:30:00,66.8,66.66,66.83,above,below,2704554,C:\codex\stock_data\history\2006_TW.csv
2027.TW,42.5,13:30:00,42.900001525878906,43.289999389648436,42.91500015258789,below,below,26461622,C:\codex\stock_data\history\2027_TW.csv
2059.TW,6370.0,13:30:00,6795.0,5859.0,,above,N/A,2110796,C:\codex\stock_data\history\2059_TW.csv
2105.TW,34.55,13:30:00,34.20000076293945,34.17999954223633,33.374999809265134,above,above,31331073,C:\codex\stock_data\history\2105_TW.csv
2207.TW,487.0,13:30:00,483.0,484.3,477.2,below,above,1078330,C:\codex\stock_data\history\2207_TW.csv
2211.TW,92.4,13:30:00,92.5999984741211,93.7,93.25,below,below,529963,C:\codex\stock_data\history\2211_TW.csv
2301.TW,213.0,13:30:00,224.0,234.2,234.4,below,below,31123783,C:\codex\stock_data\history\2301_TW.csv
2302.TW,32.0,13:30:00,33.95000076293945,33.920000076293945,35.07500019073486,above,below,946896,C:\codex\stock_data\history\2302_TW.csv
2303.TW,118.5,13:30:00,118.5,124.7,132.8,below,below,333558316,C:\codex\stock_data\history\2303_TW.csv
2305.TW,22.65,13:30:00,23.0,22.839999771118165,23.049999809265138,above,below,2611628,C:\codex\stock_data\history\2305_TW.csv
2308.TW,2200.0,13:30:00,2200.0,2319.0,2366.5,below,below,18770727,C:\codex\stock_data\history\2308_TW.csv
2312.TW,34.85,13:30:00,37.20000076293945,39.27000045776367,39.225,below,below,79060796,C:\codex\stock_data\history\2312_TW.csv
2313.TW,259.0,13:30:00,276.0,263.8,269.7,above,above,72882082,C:\codex\stock_data\history\2313_TW.csv
2314.TW,15.55,13:30:00,15.550000190734863,16.04000015258789,15.969999980926513,below,below,139445,C:\codex\stock_data\history\2314_TW.csv
2316.TW,157.0,13:30:00,168.5,165.7,166.05,above,above,7360356,C:\codex\stock_data\history\2316_TW.csv
2317.TW,263.0,13:30:00,263.0,277.5,,below,N/A,86747581,C:\codex\stock_data\history\2317_TW.csv
2321.TW,,13:30:00,13.800000190734863,14.260000038146973,14.560000038146972,below,below,0,C:\codex\stock_data\history\2321_TW.csv
2323.TW,10.9,13:30:00,11.300000190734863,11.809999847412108,11.2,below,above,15158554,C:\codex\stock_data\history\2323_TW.csv
2324.TW,37.1,13:30:00,38.45000076293945,41.56999969482422,39.614999771118164,below,below,162236153,C:\codex\stock_data\history\2324_TW.csv
2327.TW,819.0,13:30:00,826.0,781.8,772.6,above,above,52270522,C:\codex\stock_data\history\2327_TW.csv
2328.TW,51.3,13:30:00,52.900001525878906,55.66000061035156,56.33000030517578,below,below,7474997,C:\codex\stock_data\history\2328_TW.csv
2329.TW,52.7,13:30:00,56.20000076293945,56.279999542236325,58.079999923706055,below,below,9392392,C:\codex\stock_data\history\2329_TW.csv
2330.TW,2255.0,13:30:00,2255.0,2321.0,2341.5,below,below,50655021,C:\codex\stock_data\history\2330_TW.csv
2331.TW,21.15,13:30:00,22.0,22.83000030517578,22.710000228881835,below,below,6633349,C:\codex\stock_data\history\2331_TW.csv
2332.TW,15.6,13:30:00,15.350000381469728,16.089999771118165,16.3,below,below,6545405,C:\codex\stock_data\history\2332_TW.csv
2337.TW,135.0,13:30:00,145.5,151.5,158.25,below,below,22931253,C:\codex\stock_data\history\2337_TW.csv
2338.TW,44.45,13:30:00,47.5,50.18,,below,N/A,5593249,C:\codex\stock_data\history\2338_TW.csv
2340.TW,32.75,13:30:00,35.0,35.50999984741211,36.57999954223633,below,below,7706751,C:\codex\stock_data\history\2340_TW.csv
2342.TW,38.85,13:30:00,41.34999847412109,41.87000045776367,42.09000015258789,below,below,5207421,C:\codex\stock_data\history\2342_TW.csv
2344.TW,149.0,13:30:00,156.5,165.9,163.9,below,below,203232684,C:\codex\stock_data\history\2344_TW.csv
2345.TW,2365.0,13:30:00,2475.0,2496.0,2490.0,below,below,2691554,C:\codex\stock_data\history\2345_TW.csv
2347.TW,92.2,13:30:00,91.0,89.12,88.11,above,above,16484825,C:\codex\stock_data\history\2347_TW.csv
2349.TW,13.05,13:30:00,13.550000190734863,14.379999923706055,14.239999961853027,below,below,5087517,C:\codex\stock_data\history\2349_TW.csv
2351.TW,175.0,13:30:00,192.5,198.9,205.3,below,below,6192695,C:\codex\stock_data\history\2351_TW.csv
2352.TW,30.1,13:30:00,30.64999961853028,32.150000381469724,30.700000000000006,below,below,9248901,C:\codex\stock_data\history\2352_TW.csv
2353.TW,36.2,13:30:00,36.95,38.629999999999995,37.3,below,below,49585381,C:\codex\stock_data\history\2353_TW.csv
2354.TW,56.3,13:30:00,58.79999923706055,60.63999938964844,60.88999977111816,below,below,9131581,C:\codex\stock_data\history\2354_TW.csv
2355.TW,53.4,13:30:00,54.8,55.71999999999999,,below,N/A,12087432,C:\codex\stock_data\history\2355_TW.csv
2356.TW,66.2,13:30:00,70.6,75.96000000000001,73.36999999999999,below,below,95519340,C:\codex\stock_data\history\2356_TW.csv
2357.TW,796.0,13:30:00,850.0,883.4,832.8,below,above,5184736,C:\codex\stock_data\history\2357_TW.csv
2359.TW,135.5,13:30:00,144.5,140.4,142.05,above,above,3032424,C:\codex\stock_data\history\2359_TW.csv
2360.TW,2210.0,13:30:00,2390.0,2514.0,2528.5,below,below,3259902,C:\codex\stock_data\history\2360_TW.csv
2362.TW,46.15,13:30:00,48.150001525878906,47.74000015258788,46.39500007629395,above,above,3030321,C:\codex\stock_data\history\2362_TW.csv
2363.TW,55.1,13:30:00,58.29999923706055,61.279999542236325,63.87000007629395,below,below,7469075,C:\codex\stock_data\history\2363_TW.csv
2364.TW,68.6,13:30:00,70.9000015258789,75.26000061035157,72.18000106811523,below,below,360296,C:\codex\stock_data\history\2364_TW.csv
2365.TW,33.8,13:30:00,35.54999923706055,35.98000030517578,36.73499984741211,below,below,3350151,C:\codex\stock_data\history\2365_TW.csv
2367.TW,63.3,13:30:00,63.900001525878906,62.939999389648435,64.89000015258789,above,below,27088040,C:\codex\stock_data\history\2367_TW.csv
2368.TW,1420.0,13:30:00,1495.0,1381.0,1350.5,above,above,12012788,C:\codex\stock_data\history\2368_TW.csv
2369.TW,31.1,13:30:00,32.349998474121094,33.89000015258789,36.60000038146973,below,below,10420331,C:\codex\stock_data\history\2369_TW.csv
2373.TW,57.2,13:30:00,57.5,58.02,,below,N/A,62411,C:\codex\stock_data\history\2373_TW.csv
2374.TW,71.6,13:30:00,74.7,77.9,,below,N/A,6287283,C:\codex\stock_data\history\2374_TW.csv
2375.TW,158.5,13:30:00,165.0,154.3,157.3,above,above,5027567,C:\codex\stock_data\history\2375_TW.csv
2376.TW,344.5,13:30:00,359.0,369.2,366.35,below,below,12395319,C:\codex\stock_data\history\2376_TW.csv
2377.TW,132.0,13:30:00,139.5,139.9,137.1,below,above,20549104,C:\codex\stock_data\history\2377_TW.csv
2379.TW,645.0,13:30:00,651.0,632.0,620.1,above,above,7172287,C:\codex\stock_data\history\2379_TW.csv
2380.TW,5.6,13:30:00,5.6,5.724,,below,N/A,228236,C:\codex\stock_data\history\2380_TW.csv
2382.TW,380.5,13:30:00,375.0,392.6,369.55,below,above,50920829,C:\codex\stock_data\history\2382_TW.csv
2383.TW,4940.0,13:30:00,5065.0,4876.0,4979.0,above,above,2437441,C:\codex\stock_data\history\2383_TW.csv
2385.TW,139.0,13:30:00,139.5,142.1,139.85,below,below,3722780,C:\codex\stock_data\history\2385_TW.csv
2387.TW,40.2,13:30:00,41.55,42.29,,below,N/A,703484,C:\codex\stock_data\history\2387_TW.csv
2388.TW,64.1,13:30:00,66.4,69.36,,below,N/A,4323318,C:\codex\stock_data\history\2388_TW.csv
2390.TW,11.55,13:30:00,12.0,12.379999999999999,,below,N/A,1518621,C:\codex\stock_data\history\2390_TW.csv
2392.TW,37.4,13:30:00,39.05,41.02,,below,N/A,1879084,C:\codex\stock_data\history\2392_TW.csv
2393.TW,68.5,13:30:00,69.0,66.64,,above,N/A,6336003,C:\codex\stock_data\history\2393_TW.csv
2395.TW,465.5,13:30:00,489.5,498.3,501.8,below,below,4056302,C:\codex\stock_data\history\2395_TW.csv
2397.TW,62.2,13:30:00,61.70000076293945,63.779999542236325,63.68000030517578,below,below,612902,C:\codex\stock_data\history\2397_TW.csv
2399.TW,44.15,13:30:00,47.59999847412109,48.29000015258789,48.535000228881835,below,below,6353622,C:\codex\stock_data\history\2399_TW.csv
2401.TW,25.35,13:30:00,26.5,27.33000030517578,28.629999923706055,below,below,5047462,C:\codex\stock_data\history\2401_TW.csv
2402.TW,59.7,13:30:00,63.79999923706055,66.52000045776367,67.53999977111816,below,below,3932688,C:\codex\stock_data\history\2402_TW.csv
2404.TW,1150.0,13:30:00,1190.0,1178.0,,above,N/A,4413118,C:\codex\stock_data\history\2404_TW.csv
2405.TW,18.6,13:30:00,19.75,20.320000076293947,19.070000076293947,below,above,6584402,C:\codex\stock_data\history\2405_TW.csv
2406.TW,35.85,13:30:00,35.0,35.630000305175784,35.260000228881836,below,below,19995640,C:\codex\stock_data\history\2406_TW.csv
2408.TW,333.0,13:30:00,363.0,371.8,364.3,below,below,99865292,C:\codex\stock_data\history\2408_TW.csv
2409.TW,22.95,13:30:00,22.95,25.54,,below,N/A,368098295,C:\codex\stock_data\history\2409_TW.csv
2412.TW,144.0,13:30:00,142.0,140.8,139.7,above,above,18438291,C:\codex\stock_data\history\2412_TW.csv
2413.TW,59.6,13:30:00,54.20000076293945,53.3,52.475,above,above,6475410,C:\codex\stock_data\history\2413_TW.csv
2414.TW,57.5,13:30:00,56.900001525878906,53.4,52.27000007629395,above,above,1526004,C:\codex\stock_data\history\2414_TW.csv
2415.TW,26.7,13:30:00,27.200000762939453,27.640000534057616,27.345000267028816,below,below,109613,C:\codex\stock_data\history\2415_TW.csv
2417.TW,45.85,13:30:00,47.0,48.289999389648436,49.45999984741211,below,below,2788330,C:\codex\stock_data\history\2417_TW.csv
2419.TW,27.85,13:30:00,28.700000762939453,30.270000076293947,31.210000419616698,below,below,1818938,C:\codex\stock_data\history\2419_TW.csv
2420.TW,63.2,13:30:00,64.19999694824219,64.41999969482421,64.09000015258789,below,above,874709,C:\codex\stock_data\history\2420_TW.csv
2421.TW,145.0,13:30:00,160.0,162.9,162.15,below,below,7787252,C:\codex\stock_data\history\2421_TW.csv
2423.TW,74.0,13:30:00,77.2,77.24,79.78,below,below,226487,C:\codex\stock_data\history\2423_TW.csv
2424.TW,10.95,13:30:00,12.0,12.76,12.885,below,below,151752,C:\codex\stock_data\history\2424_TW.csv
2425.TW,33.15,13:30:00,34.3,35.03,35.459999999999994,below,below,422256,C:\codex\stock_data\history\2425_TW.csv
2426.TW,61.4,13:30:00,68.19999694824219,69.08000030517579,73.38000030517578,below,below,13209814,C:\codex\stock_data\history\2426_TW.csv
2427.TW,22.3,13:30:00,23.7,23.69,22.595,above,above,1701803,C:\codex\stock_data\history\2427_TW.csv
2428.TW,286.0,13:30:00,289.0,276.1,279.05,above,above,3729811,C:\codex\stock_data\history\2428_TW.csv
2429.TW,39.5,13:30:00,42.35,43.27,45.34,below,below,438235,C:\codex\stock_data\history\2429_TW.csv
2430.TW,18.55,13:30:00,18.55,18.919999999999998,18.64,below,below,157058,C:\codex\stock_data\history\2430_TW.csv
2431.TW,10.7,13:30:00,11.05,11.110000000000001,10.84,below,above,423364,C:\codex\stock_data\history\2431_TW.csv
2432.TW,27.95,13:30:00,28.55,28.110000000000003,27.405,above,above,160019,C:\codex\stock_data\history\2432_TW.csv
2433.TW,43.7,13:30:00,43.3,44.05,43.730000000000004,below,below,69898,C:\codex\stock_data\history\2433_TW.csv
2434.TW,32.45,13:30:00,34.6,35.00000000000001,35.75,below,below,58213,C:\codex\stock_data\history\2434_TW.csv
2436.TW,64.3,13:30:00,67.6,70.0,73.17999999999999,below,below,3251028,C:\codex\stock_data\history\2436_TW.csv
2438.TW,22.5,13:30:00,22.8,24.36,25.635,below,below,254711,C:\codex\stock_data\history\2438_TW.csv
2439.TW,89.5,13:30:00,90.5999984741211,91.83999938964844,91.82999954223632,below,below,1583133,C:\codex\stock_data\history\2439_TW.csv
2440.TW,17.05,13:30:00,17.6,18.54,18.080000000000002,below,below,1427973,C:\codex\stock_data\history\2440_TW.csv
2441.TW,120.5,13:30:00,125.0,130.7,134.35,below,below,7376016,C:\codex\stock_data\history\2441_TW.csv
2444.TW,12.95,13:30:00,13.2,13.35,12.945000000000002,below,above,324389,C:\codex\stock_data\history\2444_TW.csv
2449.TW,272.0,13:30:00,291.0,306.7,312.2,below,below,23065133,C:\codex\stock_data\history\2449_TW.csv
2450.TW,30.8,13:30:00,30.8,30.910000000000004,30.47,below,above,294631,C:\codex\stock_data\history\2450_TW.csv
2451.TW,293.0,13:30:00,306.0,327.4,333.9,below,below,8384376,C:\codex\stock_data\history\2451_TW.csv
2453.TW,56.2,13:30:00,58.3,59.839999999999996,60.83,below,below,530189,C:\codex\stock_data\history\2453_TW.csv
2454.TW,4155.0,13:30:00,4155.0,4286.0,4377.5,below,below,15902956,C:\codex\stock_data\history\2454_TW.csv
2455.TW,355.5,13:30:00,395.0,393.9,401.6,above,below,1982555,C:\codex\stock_data\history\2455_TW.csv
2457.TW,29.5,13:30:00,31.05,30.130000000000003,28.035000000000004,above,above,12422049,C:\codex\stock_data\history\2457_TW.csv
2458.TW,146.5,13:30:00,161.0,160.6,162.5,above,below,5489631,C:\codex\stock_data\history\2458_TW.csv
2459.TW,69.1,13:30:00,68.7,69.32000000000001,68.56,below,above,247668,C:\codex\stock_data\history\2459_TW.csv
2460.TW,31.05,13:30:00,31.2,32.260000000000005,32.58,below,below,388254,C:\codex\stock_data\history\2460_TW.csv
2461.TW,19.45,13:30:00,19.25,18.869999999999997,17.665,above,above,7644979,C:\codex\stock_data\history\2461_TW.csv
2462.TW,25.95,13:30:00,25.55,24.669999999999998,23.25,above,above,2490972,C:\codex\stock_data\history\2462_TW.csv
2464.TW,146.0,13:30:00,146.0,155.9,148.49,below,below,14658780,C:\codex\stock_data\history\2464_TW.csv
2465.TW,77.1,13:30:00,80.6,82.25999999999999,83.96000000000001,below,below,2859769,C:\codex\stock_data\history\2465_TW.csv
2466.TW,44.0,13:30:00,44.0,44.93,45.945,below,below,270186,C:\codex\stock_data\history\2466_TW.csv
2467.TW,540.0,13:30:00,574.0,592.6,,below,N/A,1860780,C:\codex\stock_data\history\2467_TW.csv
2468.TW,41.25,13:30:00,43.1,42.88,39.035,above,above,17269148,C:\codex\stock_data\history\2468_TW.csv
2471.TW,53.0,13:30:00,53.8,53.96,53.11,below,above,185087,C:\codex\stock_data\history\2471_TW.csv
2472.TW,335.5,13:30:00,372.5,356.8,363.55,above,above,2493603,C:\codex\stock_data\history\2472_TW.csv
2474.TW,204.5,13:30:00,220.0,233.9,224.1,below,below,11240393,C:\codex\stock_data\history\2474_TW.csv
2476.TW,118.5,13:30:00,118.5,120.6,113.64000000000001,below,above,5077066,C:\codex\stock_data\history\2476_TW.csv
2477.TW,21.9,13:30:00,22.5,23.169999999999998,22.345000000000002,below,above,180362,C:\codex\stock_data\history\2477_TW.csv
2478.TW,170.0,13:30:00,167.0,148.7,,above,N/A,22316543,C:\codex\stock_data\history\2478_TW.csv
2480.TW,158.5,13:30:00,159.0,160.2,156.35,below,above,521790,C:\codex\stock_data\history\2480_TW.csv
2481.TW,135.5,13:30:00,135.5,150.9,139.48,below,below,36784447,C:\codex\stock_data\history\2481_TW.csv
2482.TW,16.6,13:30:00,16.700000762939453,17.050000381469726,16.785000038146972,below,below,140585,C:\codex\stock_data\history\2482_TW.csv
2483.TW,31.5,13:30:00,33.599998474121094,30.14000015258789,27.830000114440917,above,above,18892245,C:\codex\stock_data\history\2483_TW.csv
2484.TW,58.1,13:30:00,60.8,54.839999999999996,54.14,above,above,60913824,C:\codex\stock_data\history\2484_TW.csv
2485.TW,63.4,13:30:00,68.0,66.74,69.63000000000001,above,below,14217588,C:\codex\stock_data\history\2485_TW.csv
2486.TW,246.0,13:30:00,253.0,267.5,265.9,below,below,9178411,C:\codex\stock_data\history\2486_TW.csv
2488.TW,52.7,13:30:00,53.1,53.4,53.4,below,below,131289,C:\codex\stock_data\history\2488_TW.csv
2489.TW,40.8,13:30:00,40.8,45.22,44.825,below,below,26669274,C:\codex\stock_data\history\2489_TW.csv
2491.TW,29.55,13:30:00,29.55,32.12,29.089999999999996,below,above,427274,C:\codex\stock_data\history\2491_TW.csv
2492.TW,407.5,13:30:00,407.5,411.1,413.45,below,below,5260917,C:\codex\stock_data\history\2492_TW.csv
2493.TW,180.5,13:30:00,180.5,173.8,165.35,above,above,13303736,C:\codex\stock_data\history\2493_TW.csv
2495.TW,48.1,13:30:00,48.1,49.1,49.965,below,below,12595810,C:\codex\stock_data\history\2495_TW.csv
2498.TW,41.8,13:30:00,43.20000076293945,45.87000045776367,45.865000534057614,below,below,6170069,C:\codex\stock_data\history\2498_TW.csv
2504.TW,37.2,13:30:00,35.849998474121094,35.89000015258789,35.420000076293945,below,above,2925589,C:\codex\stock_data\history\2504_TW.csv
2603.TW,223.0,13:30:00,223.0,227.4,225.3,below,below,21589807,C:\codex\stock_data\history\2603_TW.csv
2606.TW,68.6,13:30:00,69.1,69.82000000000001,70.53999999999999,below,below,4124337,C:\codex\stock_data\history\2606_TW.csv
2609.TW,50.6,13:30:00,50.6,52.32000000000001,52.88000000000001,below,below,56863530,C:\codex\stock_data\history\2609_TW.csv
2618.TW,37.25,13:30:00,37.25,37.25,37.025,below,above,42301554,C:\codex\stock_data\history\2618_TW.csv
2637.TW,76.0,13:30:00,76.0,78.81999969482422,77.89000015258789,below,below,11439691,C:\codex\stock_data\history\2637_TW.csv
2640.TW,158.0,13:30:00,158.0,159.2,159.4,below,below,43000,C:\codex\stock_data\history\2640_TW.csv
2645.TW,168.5,13:30:00,168.5,168.5,167.95,below,above,1729162,C:\codex\stock_data\history\2645_TW.csv
2880.TW,35.35,13:30:00,35.349998474121094,35.35999984741211,34.01999988555908,below,above,28065860,C:\codex\stock_data\history\2880_TW.csv
2881.TW,122.5,13:30:00,122.5,119.1,115.25,above,above,68399782,C:\codex\stock_data\history\2881_TW.csv
2882.TW,99.9,13:30:00,99.9000015258789,98.66000061035156,93.3,above,above,41924827,C:\codex\stock_data\history\2882_TW.csv
2883.TW,28.2,13:30:00,28.200000762939453,27.8,25.53999996185303,above,above,202716863,C:\codex\stock_data\history\2883_TW.csv
2884.TW,33.65,13:30:00,33.650001525878906,33.51000061035156,32.585000610351564,above,above,59417751,C:\codex\stock_data\history\2884_TW.csv
2885.TW,62.3,13:30:00,62.29999923706055,63.66000137329102,61.95000038146973,below,above,30633656,C:\codex\stock_data\history\2885_TW.csv
2886.TW,43.4,13:30:00,43.4,42.44,,above,N/A,38695248,C:\codex\stock_data\history\2886_TW.csv
2887.TW,28.9,13:30:00,28.89999961853028,28.66999969482422,26.869999885559082,above,above,110952453,C:\codex\stock_data\history\2887_TW.csv
2890.TW,33.0,13:30:00,33.0,33.0,,below,N/A,52876983,C:\codex\stock_data\history\2890_TW.csv
2891.TW,68.2,13:30:00,68.19999694824219,67.47999877929688,65.3899990081787,above,above,61962254,C:\codex\stock_data\history\2891_TW.csv
2892.TW,30.55,13:30:00,30.55,29.8,,above,N/A,68192460,C:\codex\stock_data\history\2892_TW.csv
2949.TW,64.8,13:30:00,64.8,64.76,64.08000000000001,above,above,11000,C:\codex\stock_data\history\2949_TW.csv
3002.TW,19.1,13:30:00,19.100000381469727,19.550000000000004,19.21500015258789,below,below,518433,C:\codex\stock_data\history\3002_TW.csv
3003.TW,64.1,13:30:00,64.0999984741211,62.939999389648435,62.60999946594238,above,above,2475713,C:\codex\stock_data\history\3003_TW.csv
3005.TW,104.0,13:30:00,104.0,106.6,106.6,below,below,5223823,C:\codex\stock_data\history\3005_TW.csv
3006.TW,202.0,13:30:00,202.0,218.2,235.7,below,below,9602588,C:\codex\stock_data\history\3006_TW.csv
3008.TW,4130.0,13:30:00,4130.0,3811.0,3766.5,above,above,5956064,C:\codex\stock_data\history\3008_TW.csv
3010.TW,128.5,13:30:00,128.5,134.3,,below,N/A,1133415,C:\codex\stock_data\history\3010_TW.csv
3011.TW,13.95,13:30:00,13.949999809265137,14.610000038146973,14.364999961853027,below,below,1379638,C:\codex\stock_data\history\3011_TW.csv
3013.TW,108.5,13:30:00,108.5,119.0,122.5,below,below,4257115,C:\codex\stock_data\history\3013_TW.csv
3014.TW,136.5,13:30:00,136.5,144.4,147.9,below,below,1282230,C:\codex\stock_data\history\3014_TW.csv
3015.TW,59.7,13:30:00,59.70000076293945,63.02000045776367,58.29000053405762,below,above,2664343,C:\codex\stock_data\history\3015_TW.csv
3016.TW,103.0,13:30:00,103.0,107.5,117.0,below,below,5033055,C:\codex\stock_data\history\3016_TW.csv
3017.TW,2360.0,13:30:00,2360.0,2557.0,2637.0,below,below,5878553,C:\codex\stock_data\history\3017_TW.csv
3018.TW,12.0,13:30:00,12.0,11.730000114440918,10.63700008392334,above,above,9778,C:\codex\stock_data\history\3018_TW.csv
3019.TW,146.5,13:30:00,146.5,148.9,150.7,below,below,26196232,C:\codex\stock_data\history\3019_TW.csv
3021.TW,27.0,13:30:00,27.0,30.520000457763672,31.960000228881835,below,below,661130,C:\codex\stock_data\history\3021_TW.csv
3022.TW,85.0,13:30:00,85.0,80.86000061035156,78.2900001525879,above,above,6119118,C:\codex\stock_data\history\3022_TW.csv
3023.TW,306.5,13:30:00,306.5,319.9,316.65,below,below,3024604,C:\codex\stock_data\history\3023_TW.csv
3024.TW,12.25,13:30:00,12.25,12.919999885559083,13.660000038146972,below,below,2240733,C:\codex\stock_data\history\3024_TW.csv
3025.TW,69.0,13:30:00,69.0,70.64,,below,N/A,849709,C:\codex\stock_data\history\3025_TW.csv
3026.TW,642.0,13:30:00,642.0,630.4,,above,N/A,2749064,C:\codex\stock_data\history\3026_TW.csv
3027.TW,20.4,13:30:00,20.39999961853028,21.85,20.979999923706053,below,below,1057949,C:\codex\stock_data\history\3027_TW.csv
3028.TW,75.7,13:30:00,75.69999694824219,78.11999816894532,80.17999877929688,below,below,2558574,C:\codex\stock_data\history\3028_TW.csv
3029.TW,105.0,13:30:00,105.0,106.3,105.46,below,below,2074683,C:\codex\stock_data\history\3029_TW.csv
3030.TW,323.0,13:30:00,323.0,349.8,,below,N/A,3535743,C:\codex\stock_data\history\3030_TW.csv
3031.TW,27.4,13:30:00,27.4,29.580000000000002,,below,N/A,3224638,C:\codex\stock_data\history\3031_TW.csv
3032.TW,84.5,13:30:00,84.5,88.48000030517578,89.43000030517578,below,below,1496214,C:\codex\stock_data\history\3032_TW.csv
3033.TW,50.2,13:30:00,50.20000076293945,50.18000030517578,49.95,above,above,23799968,C:\codex\stock_data\history\3033_TW.csv
3034.TW,478.5,13:30:00,478.5,482.6,487.5,below,below,4904031,C:\codex\stock_data\history\3034_TW.csv
3035.TW,174.5,13:30:00,174.5,184.0,195.9,below,below,5651026,C:\codex\stock_data\history\3035_TW.csv
3036.TW,239.5,13:30:00,239.5,260.5,275.1,below,below,17643110,C:\codex\stock_data\history\3036_TW.csv
3037.TW,884.0,13:30:00,884.0,933.6,977.3,below,below,26406864,C:\codex\stock_data\history\3037_TW.csv
3038.TW,22.85,13:30:00,22.850000381469727,23.83000030517578,23.845000076293946,below,below,503031,C:\codex\stock_data\history\3038_TW.csv
3041.TW,23.75,13:30:00,23.75,24.129999542236327,24.949999618530278,below,below,2755557,C:\codex\stock_data\history\3041_TW.csv
3042.TW,214.0,13:30:00,214.0,214.6,213.6,below,above,91473773,C:\codex\stock_data\history\3042_TW.csv
3043.TW,22.85,13:30:00,22.850000381469727,23.450000381469728,22.414999961853027,below,above,392022,C:\codex\stock_data\history\3043_TW.csv
3044.TW,479.0,13:30:00,479.0,493.4,501.75,below,below,6298592,C:\codex\stock_data\history\3044_TW.csv
3045.TW,118.0,13:30:00,118.0,116.4,115.0,above,above,12131355,C:\codex\stock_data\history\3045_TW.csv
3046.TW,55.8,13:30:00,55.79999923706055,58.23999938964844,59.22999992370605,below,below,592017,C:\codex\stock_data\history\3046_TW.csv
3047.TW,15.6,13:30:00,15.600000381469728,15.810000228881838,15.835000228881835,below,below,3739434,C:\codex\stock_data\history\3047_TW.csv
3048.TW,73.3,13:30:00,73.30000305175781,69.12000122070313,70.2599998474121,above,above,46549002,C:\codex\stock_data\history\3048_TW.csv
3049.TW,13.8,13:30:00,13.800000190734863,15.459999656677246,14.549999809265136,below,below,14990446,C:\codex\stock_data\history\3049_TW.csv
3050.TW,12.85,13:30:00,12.850000381469728,13.110000228881836,13.060000133514404,below,below,1134322,C:\codex\stock_data\history\3050_TW.csv
3051.TW,26.0,13:30:00,26.0,27.820000076293944,28.294999885559083,below,below,2088724,C:\codex\stock_data\history\3051_TW.csv
3055.TW,82.0,13:30:00,82.0,92.76000061035157,98.83000030517579,below,below,2223694,C:\codex\stock_data\history\3055_TW.csv
3057.TW,20.75,13:30:00,20.75,21.939999771118163,21.709999847412114,below,below,439970,C:\codex\stock_data\history\3057_TW.csv
3058.TW,9.32,13:30:00,9.31999969482422,9.760000038146973,9.492999935150147,below,below,1256241,C:\codex\stock_data\history\3058_TW.csv
3059.TW,47.0,13:30:00,47.0,47.880000305175784,47.16499977111816,below,below,19965358,C:\codex\stock_data\history\3059_TW.csv
3060.TW,29.15,13:30:00,29.14999961853028,30.31999969482422,30.569999694824226,below,below,2869619,C:\codex\stock_data\history\3060_TW.csv
3062.TW,25.3,13:30:00,25.299999237060547,27.20999984741211,28.960000038146973,below,below,5837975,C:\codex\stock_data\history\3062_TW.csv
3066.TW,20.2,13:30:00,20.2,21.509999999999998,21.494999999999997,below,below,368000,C:\codex\stock_data\history\3066_TW.csv
3067.TW,,13:30:00,18.95,19.03,19.155,below,below,3000,C:\codex\stock_data\history\3067_TW.csv
3071.TW,32.65,13:30:00,32.65,32.82,32.93,below,below,4847000,C:\codex\stock_data\history\3071_TW.csv
3078.TW,54.3,13:30:00,54.3,56.64000000000001,57.379999999999995,below,below,2124000,C:\codex\stock_data\history\3078_TW.csv
3081.TW,2245.0,13:30:00,2245.0,2493.0,2582.0,below,below,2384000,C:\codex\stock_data\history\3081_TW.csv
3085.TW,,13:30:00,12.25,12.64,12.584999999999999,below,below,18000,C:\codex\stock_data\history\3085_TW.csv
3088.TW,139.5,13:30:00,139.5,136.5,138.6,above,above,3270000,C:\codex\stock_data\history\3088_TW.csv
3090.TW,212.0,13:30:00,212.0,218.7,219.85,below,below,22621009,C:\codex\stock_data\history\3090_TW.csv
3092.TW,28.5,13:30:00,28.5,29.54000015258789,29.905000114440917,below,below,488480,C:\codex\stock_data\history\3092_TW.csv
3093.TW,60.6,13:30:00,60.59999847412109,63.1,57.929999923706056,below,above,5835007,C:\codex\stock_data\history\3093_TW.csv
3094.TW,28.9,13:30:00,28.89999961853028,30.690000152587892,32.21000022888184,below,below,892004,C:\codex\stock_data\history\3094_TW.csv
3095.TW,,13:30:00,40.0,41.14999923706055,42.19499969482422,below,below,15322,C:\codex\stock_data\history\3095_TW.csv
3105.TW,478.0,13:30:00,478.0,479.4,501.6,below,below,35417185,C:\codex\stock_data\history\3105_TW.csv
3114.TW,41.5,13:30:00,41.5,42.56,37.615,below,above,1273000,C:\codex\stock_data\history\3114_TW.csv
3115.TW,,13:30:00,9.729999542236328,9.527999687194825,9.074999904632568,above,above,1235,C:\codex\stock_data\history\3115_TW.csv
3122.TW,27.95,13:30:00,27.95,29.560000000000002,29.18,below,below,376000,C:\codex\stock_data\history\3122_TW.csv
3128.TW,23.8,13:30:00,23.8,24.52,24.259999999999998,below,below,214000,C:\codex\stock_data\history\3128_TW.csv
3130.TW,222.5,13:30:00,222.5,221.9,221.55,above,above,38705,C:\codex\stock_data\history\3130_TW.csv
3131.TW,3105.0,13:30:00,3105.0,3132.0,3251.5,below,below,467000,C:\codex\stock_data\history\3131_TW.csv
3135.TW,208.5,13:30:00,208.5,220.8,234.35,below,below,3539701,C:\codex\stock_data\history\3135_TW.csv
3138.TW,142.5,13:30:00,142.5,153.2,159.55,below,below,807680,C:\codex\stock_data\history\3138_TW.csv
3141.TW,73.5,13:30:00,73.5,73.47999999999999,76.10999999999999,above,below,3182000,C:\codex\stock_data\history\3141_TW.csv
3147.TW,320.0,13:30:00,320.0,293.6,249.2,above,above,1912619,C:\codex\stock_data\history\3147_TW.csv
3149.TW,82.2,13:30:00,82.2,87.6,83.15,below,below,8001354,C:\codex\stock_data\history\3149_TW.csv
3150.TW,18.65,13:30:00,18.64999961853028,19.21999969482422,19.684999847412115,below,below,87324,C:\codex\stock_data\history\3150_TW.csv
3152.TW,206.5,13:30:00,206.5,186.5,188.55,above,above,3398000,C:\codex\stock_data\history\3152_TW.csv
3158.TW,83.6,13:30:00,83.6,83.91999999999999,84.53,below,below,10000,C:\codex\stock_data\history\3158_TW.csv
3162.TW,85.5,13:30:00,85.5,84.05999908447265,83.97999954223633,above,above,4314399,C:\codex\stock_data\history\3162_TW.csv
3163.TW,884.0,13:30:00,884.0,966.2,1004.4,below,below,7057000,C:\codex\stock_data\history\3163_TW.csv
3168.TW,47.05,13:30:00,47.04999923706055,47.439999389648435,47.84499969482422,below,below,59440,C:\codex\stock_data\history\3168_TW.csv
3169.TW,106.5,13:30:00,106.5,109.7,115.0,below,below,397380,C:\codex\stock_data\history\3169_TW.csv
3178.TW,63.5,13:30:00,63.5,65.8,68.12,below,below,139000,C:\codex\stock_data\history\3178_TW.csv
3189.TW,660.0,13:30:00,660.0,695.2,714.2,below,below,6573701,C:\codex\stock_data\history\3189_TW.csv
3191.TW,20.0,13:30:00,20.0,20.36,22.03,below,below,74000,C:\codex\stock_data\history\3191_TW.csv
3206.TW,38.25,13:30:00,38.25,38.11,39.255,above,below,159000,C:\codex\stock_data\history\3206_TW.csv
3207.TW,66.2,13:30:00,66.19999694824219,67.27999877929688,67.63999938964844,below,below,1309554,C:\codex\stock_data\history\3207_TW.csv
3209.TW,64.9,13:30:00,64.9000015258789,71.34000091552734,74.22000122070312,below,below,6421918,C:\codex\stock_data\history\3209_TW.csv
3211.TW,405.0,13:30:00,405.0,419.4,429.75,below,below,7780000,C:\codex\stock_data\history\3211_TW.csv
3213.TW,129.0,13:30:00,129.0,132.9,127.8,below,above,2828000,C:\codex\stock_data\history\3213_TW.csv
3217.TW,171.0,13:30:00,171.0,181.1,186.25,below,below,1108623,C:\codex\stock_data\history\3217_TW.csv
3219.TW,75.7,13:30:00,75.7,76.3,78.69000000000001,below,below,754000,C:\codex\stock_data\history\3219_TW.csv
3221.TW,58.5,13:30:00,58.5,58.57999954223633,58.619999694824216,below,below,46643674,C:\codex\stock_data\history\3221_TW.csv
3224.TW,36.9,13:30:00,36.9,37.73,38.35,below,below,61000,C:\codex\stock_data\history\3224_TW.csv
3227.TW,212.0,13:30:00,212.0,219.1,224.95,below,below,1101000,C:\codex\stock_data\history\3227_TW.csv
3228.TW,161.0,13:30:00,161.0,173.1,184.85,below,below,627000,C:\codex\stock_data\history\3228_TW.csv
3229.TW,43.0,13:30:00,43.0,44.029999542236325,46.60499992370605,below,below,683007,C:\codex\stock_data\history\3229_TW.csv
3230.TW,29.0,13:30:00,29.0,29.999999618530275,30.285000038146972,below,below,288220,C:\codex\stock_data\history\3230_TW.csv
3231.TW,158.0,13:30:00,158.0,166.8,169.6,below,below,42355308,C:\codex\stock_data\history\3231_TW.csv
3232.TW,23.5,13:30:00,23.5,23.47,23.27,above,above,69000,C:\codex\stock_data\history\3232_TW.csv
3234.TW,113.0,13:30:00,113.0,124.6,122.10999984741211,below,below,3583532,C:\codex\stock_data\history\3234_TW.csv
3236.TW,52.3,13:30:00,52.3,53.44,54.2,below,below,4752000,C:\codex\stock_data\history\3236_TW.csv
3257.TW,53.0,13:30:00,53.0,57.57999954223633,61.419999313354495,below,below,619837,C:\codex\stock_data\history\3257_TW.csv
3259.TW,,13:30:00,16.95,17.05,17.12,below,below,8000,C:\codex\stock_data\history\3259_TW.csv
3260.TW,390.0,13:30:00,390.0,418.7,427.15,below,below,11853000,C:\codex\stock_data\history\3260_TW.csv
3264.TW,211.5,13:30:00,211.5,220.8,225.0,below,below,7730931,C:\codex\stock_data\history\3264_TW.csv
3265.TW,171.5,13:30:00,171.5,178.4,182.9,below,below,1103000,C:\codex\stock_data\history\3265_TW.csv
3268.TW,19.5,13:30:00,19.5,19.96,19.325,below,above,306000,C:\codex\stock_data\history\3268_TW.csv
3272.TW,16.5,13:30:00,16.5,16.86,17.265,below,below,72000,C:\codex\stock_data\history\3272_TW.csv
3276.TW,14.15,13:30:00,14.15,14.440000000000001,14.485,below,below,173000,C:\codex\stock_data\history\3276_TW.csv
3285.TW,34.25,13:30:00,34.25,32.29,31.610000000000003,above,above,488000,C:\codex\stock_data\history\3285_TW.csv
3287.TW,33.6,13:30:00,33.6,35.38,36.525,below,below,167000,C:\codex\stock_data\history\3287_TW.csv
3288.TW,25.55,13:30:00,25.55,23.55,20.98,above,above,274000,C:\codex\stock_data\history\3288_TW.csv
3289.TW,157.5,13:30:00,157.5,173.2,171.1,below,below,4912000,C:\codex\stock_data\history\3289_TW.csv
3290.TW,57.9,13:30:00,57.9,52.27,50.355000000000004,above,above,6108000,C:\codex\stock_data\history\3290_TW.csv
3293.TW,799.0,13:30:00,799.0,793.8,782.9,above,above,5801000,C:\codex\stock_data\history\3293_TW.csv
3294.TW,37.0,13:30:00,37.0,38.04,39.185,below,below,1779000,C:\codex\stock_data\history\3294_TW.csv
3296.TW,22.25,13:30:00,22.25,21.75,21.369999885559082,above,above,367859,C:\codex\stock_data\history\3296_TW.csv
3297.TW,31.5,13:30:00,31.5,32.65,32.125,below,below,125000,C:\codex\stock_data\history\3297_TW.csv
3303.TW,51.3,13:30:00,51.3,51.260000000000005,50.30499999999999,above,above,879000,C:\codex\stock_data\history\3303_TW.csv
3305.TW,136.5,13:30:00,136.5,147.9,154.3,below,below,7135149,C:\codex\stock_data\history\3305_TW.csv
3306.TW,46.2,13:30:00,46.2,47.68,48.08,below,below,284000,C:\codex\stock_data\history\3306_TW.csv
3308.TW,20.35,13:30:00,20.350000381469727,21.550000381469726,21.225000190734864,below,below,215755,C:\codex\stock_data\history\3308_TW.csv
3310.TW,68.4,13:30:00,68.4,70.47999999999999,71.33,below,below,17000,C:\codex\stock_data\history\3310_TW.csv
3311.TW,37.35,13:30:00,37.34999847412109,39.50999984741211,38.170000076293945,below,below,1429659,C:\codex\stock_data\history\3311_TW.csv
3312.TW,59.4,13:30:00,59.400001525878906,64.63999938964844,60.489999008178714,below,below,8747458,C:\codex\stock_data\history\3312_TW.csv
3317.TW,76.5,13:30:00,76.5,78.2,80.10999999999999,below,below,5902000,C:\codex\stock_data\history\3317_TW.csv
3321.TW,20.1,13:30:00,20.100000381469727,20.25,20.054999923706056,below,above,1004911,C:\codex\stock_data\history\3321_TW.csv
3322.TW,15.05,13:30:00,15.05,14.75,14.190000000000001,above,above,3462000,C:\codex\stock_data\history\3322_TW.csv
3323.TW,34.15,13:30:00,34.15,36.86,37.57,below,below,1903000,C:\codex\stock_data\history\3323_TW.csv
3324.TW,1010.0,13:30:00,1010.0,1102.0,1117.0,below,below,4124000,C:\codex\stock_data\history\3324_TW.csv
3325.TW,12.7,13:30:00,12.7,13.23,12.969999999999999,below,below,282000,C:\codex\stock_data\history\3325_TW.csv
3332.TW,63.9,13:30:00,63.9,66.94,66.38,below,below,37000,C:\codex\stock_data\history\3332_TW.csv
3338.TW,73.7,13:30:00,73.69999694824219,77.63999938964844,78.92999954223633,below,below,1490748,C:\codex\stock_data\history\3338_TW.csv
3339.TW,43.6,13:30:00,43.6,47.0,46.925,below,below,1676000,C:\codex\stock_data\history\3339_TW.csv
3349.TW,17.85,13:30:00,17.85,18.0,17.925,below,below,251000,C:\codex\stock_data\history\3349_TW.csv
3354.TW,27.3,13:30:00,27.3,29.15,30.915,below,below,587000,C:\codex\stock_data\history\3354_TW.csv
3356.TW,55.2,13:30:00,55.20000076293945,58.720000457763675,60.42000045776367,below,below,2226201,C:\codex\stock_data\history\3356_TW.csv
3357.TW,295.5,13:30:00,295.5,288.6,286.9,above,above,33923000,C:\codex\stock_data\history\3357_TW.csv
3360.TW,14.6,13:30:00,14.6,14.5,14.420000000000002,above,above,864000,C:\codex\stock_data\history\3360_TW.csv
3362.TW,171.0,13:30:00,171.0,152.0,135.2,above,above,9955420,C:\codex\stock_data\history\3362_TW.csv
3363.TW,747.0,13:30:00,747.0,830.8,826.3,below,below,5783000,C:\codex\stock_data\history\3363_TW.csv
3372.TW,19.3,13:30:00,19.3,20.69,21.285,below,below,1072000,C:\codex\stock_data\history\3372_TW.csv
3373.TW,16.75,13:30:00,16.75,16.809999847412108,16.824999809265137,below,below,84502,C:\codex\stock_data\history\3373_TW.csv
3374.TW,224.5,13:30:00,224.5,239.8,250.35,below,below,5481000,C:\codex\stock_data\history\3374_TW.csv
3376.TW,211.5,13:30:00,211.5,227.1,219.6,below,below,19676929,C:\codex\stock_data\history\3376_TW.csv
3380.TW,33.3,13:30:00,33.29999923706055,35.79000015258789,37.31999969482422,below,below,3765932,C:\codex\stock_data\history\3380_TW.csv
3388.TW,91.9,13:30:00,91.9,96.12,101.01,below,below,607000,C:\codex\stock_data\history\3388_TW.csv
3390.TW,26.25,13:30:00,26.25,27.060000000000002,27.689999999999998,below,below,751000,C:\codex\stock_data\history\3390_TW.csv
3402.TW,132.0,13:30:00,132.0,137.7,141.65,below,below,499000,C:\codex\stock_data\history\3402_TW.csv
3406.TW,677.0,13:30:00,677.0,678.2,637.0,below,above,12762657,C:\codex\stock_data\history\3406_TW.csv
3413.TW,299.0,13:30:00,299.0,309.6,,below,N/A,1618170,C:\codex\stock_data\history\3413_TW.csv
3416.TW,174.5,13:30:00,174.5,177.3,179.8,below,below,511629,C:\codex\stock_data\history\3416_TW.csv
3419.TW,,13:30:00,13.699999809265137,13.929999923706054,14.025,below,below,368775,C:\codex\stock_data\history\3419_TW.csv
3432.TW,17.9,13:30:00,17.899999618530273,18.280000305175783,18.53499984741211,below,below,52753,C:\codex\stock_data\history\3432_TW.csv
3434.TW,30.6,13:30:00,30.6,32.709999999999994,32.155,below,below,465000,C:\codex\stock_data\history\3434_TW.csv
3437.TW,20.75,13:30:00,22.0,23.01,,below,N/A,950258,C:\codex\stock_data\history\3437_TW.csv
3438.TW,67.4,13:30:00,67.4,69.3,71.99000000000001,below,below,280000,C:\codex\stock_data\history\3438_TW.csv
3441.TW,65.0,13:30:00,65.0,58.739999999999995,55.89,above,above,3642000,C:\codex\stock_data\history\3441_TW.csv
3443.TW,4025.0,13:30:00,4025.0,4280.0,4445.5,below,below,2697470,C:\codex\stock_data\history\3443_TW.csv
3444.TW,92.1,13:30:00,92.1,99.74,102.97,below,below,1495000,C:\codex\stock_data\history\3444_TW.csv
3447.TW,39.1,13:30:00,42.65,41.13,,above,N/A,854744,C:\codex\stock_data\history\3447_TW.csv
3450.TW,472.0,13:30:00,472.0,492.2,506.75,below,below,19983477,C:\codex\stock_data\history\3450_TW.csv
3455.TW,205.5,13:30:00,205.5,215.0,226.5,below,below,1213000,C:\codex\stock_data\history\3455_TW.csv
3465.TW,32.1,13:30:00,32.1,31.669999999999998,30.865,above,above,196000,C:\codex\stock_data\history\3465_TW.csv
3466.TW,32.95,13:30:00,32.95,32.959999999999994,32.84,below,above,1183000,C:\codex\stock_data\history\3466_TW.csv
3467.TW,63.4,13:30:00,63.4,66.24,69.35999999999999,below,below,178000,C:\codex\stock_data\history\3467_TW.csv
3479.TW,130.5,13:30:00,130.5,127.2,130.45,above,above,4210000,C:\codex\stock_data\history\3479_TW.csv
3481.TW,44.3,13:30:00,49.1,53.27,45.089999999999996,below,above,124513602,C:\codex\stock_data\history\3481_TW.csv
3483.TW,90.0,13:30:00,90.0,97.62,99.09,below,below,1390000,C:\codex\stock_data\history\3483_TW.csv
3484.TW,44.85,13:30:00,44.85,44.730000000000004,44.455,above,above,373000,C:\codex\stock_data\history\3484_TW.csv
3485.TW,295.5,13:30:00,295.5,332.3,344.8,below,below,328000,C:\codex\stock_data\history\3485_TW.csv
3490.TW,32.5,13:30:00,32.5,35.15,36.685,below,below,1626000,C:\codex\stock_data\history\3490_TW.csv
3491.TW,1635.0,13:30:00,1635.0,1823.0,1957.0,below,below,2782000,C:\codex\stock_data\history\3491_TW.csv
3492.TW,22.5,13:30:00,22.5,22.57,22.965,below,below,110000,C:\codex\stock_data\history\3492_TW.csv
3494.TW,8.13,13:30:00,8.05,8.063999999999998,,below,N/A,100730,C:\codex\stock_data\history\3494_TW.csv
3498.TW,123.0,13:30:00,123.0,129.1,136.4,below,below,1856000,C:\codex\stock_data\history\3498_TW.csv
3499.TW,14.75,13:30:00,14.75,14.930000000000001,14.875,below,below,85000,C:\codex\stock_data\history\3499_TW.csv
3501.TW,41.25,13:30:00,42.1,42.660000000000004,,below,N/A,704437,C:\codex\stock_data\history\3501_TW.csv
3504.TW,79.0,13:30:00,80.1,79.62,,above,N/A,2029980,C:\codex\stock_data\history\3504_TW.csv
3508.TW,18.75,13:30:00,18.75,19.189999999999998,19.68,below,below,237000,C:\codex\stock_data\history\3508_TW.csv
3511.TW,23.3,13:30:00,23.3,24.990000000000002,23.810000000000002,below,below,944000,C:\codex\stock_data\history\3511_TW.csv
3515.TW,243.0,13:30:00,252.0,250.6,,above,N/A,860596,C:\codex\stock_data\history\3515_TW.csv
3516.TW,23.5,13:30:00,23.5,23.54,23.404999999999998,below,above,207000,C:\codex\stock_data\history\3516_TW.csv
3518.TW,27.65,13:30:00,30.35,31.7,,below,N/A,636987,C:\codex\stock_data\history\3518_TW.csv
3520.TW,17.75,13:30:00,17.75,17.64,16.119999999999997,above,above,2168000,C:\codex\stock_data\history\3520_TW.csv
3523.TW,16.05,13:30:00,16.05,19.39,18.53,below,below,39000,C:\codex\stock_data\history\3523_TW.csv
3526.TW,325.0,13:30:00,325.0,362.1,367.4,below,below,1206000,C:\codex\stock_data\history\3526_TW.csv
3527.TW,58.8,13:30:00,58.8,59.239999999999995,58.779999999999994,below,above,198000,C:\codex\stock_data\history\3527_TW.csv
3528.TW,123.0,13:30:00,133.0,135.0,126.55,below,above,482519,C:\codex\stock_data\history\3528_TW.csv
3529.TW,2980.0,13:30:00,2980.0,3263.0,3357.5,below,below,471000,C:\codex\stock_data\history\3529_TW.csv
3530.TW,62.1,13:30:00,61.5,64.32,,below,N/A,208686,C:\codex\stock_data\history\3530_TW.csv
3531.TW,,13:30:00,23.45,23.53,23.375,below,above,7000,C:\codex\stock_data\history\3531_TW.csv
3532.TW,270.0,13:30:00,284.5,288.2,,below,N/A,719417,C:\codex\stock_data\history\3532_TW.csv
3533.TW,2175.0,13:30:00,2335.0,2392.0,,below,N/A,926975,C:\codex\stock_data\history\3533_TW.csv
3535.TW,123.0,13:30:00,134.5,132.1,129.9,above,above,1424921,C:\codex\stock_data\history\3535_TW.csv
3537.TW,80.0,13:30:00,80.0,79.46000000000001,78.50999999999999,above,above,17940000,C:\codex\stock_data\history\3537_TW.csv
3540.TW,25.5,13:30:00,25.5,26.68,26.99,below,below,712000,C:\codex\stock_data\history\3540_TW.csv
3541.TW,22.05,13:30:00,22.05,22.41,22.235,below,below,46000,C:\codex\stock_data\history\3541_TW.csv
3543.TW,32.1,13:30:00,33.85,34.910000000000004,,below,N/A,655485,C:\codex\stock_data\history\3543_TW.csv
3545.TW,53.1,13:30:00,54.0,55.36,,below,N/A,1455062,C:\codex\stock_data\history\3545_TW.csv
3548.TW,89.3,13:30:00,89.3,97.03999999999999,96.64,below,below,1484000,C:\codex\stock_data\history\3548_TW.csv
3550.TW,28.45,13:30:00,25.9,23.85,,above,N/A,11675585,C:\codex\stock_data\history\3550_TW.csv
3552.TW,48.65,13:30:00,48.65,51.25999999999999,53.17,below,below,204000,C:\codex\stock_data\history\3552_TW.csv
3555.TW,187.5,13:30:00,187.5,210.6,211.3,below,below,249000,C:\codex\stock_data\history\3555_TW.csv
3556.TW,68.0,13:30:00,68.0,71.35999999999999,71.54,below,below,604000,C:\codex\stock_data\history\3556_TW.csv
3558.TW,136.0,13:30:00,136.0,133.0,137.1,above,below,741000,C:\codex\stock_data\history\3558_TW.csv
3563.TW,692.0,13:30:00,734.0,790.8,815.3,below,below,787423,C:\codex\stock_data\history\3563_TW.csv
3564.TW,47.3,13:30:00,47.3,50.46,51.605,below,below,426000,C:\codex\stock_data\history\3564_TW.csv
3567.TW,26.9,13:30:00,26.9,27.74,28.485000000000003,below,below,69000,C:\codex\stock_data\history\3567_TW.csv
3570.TW,184.5,13:30:00,184.5,186.8,182.8,below,above,103000,C:\codex\stock_data\history\3570_TW.csv
3576.TW,18.25,13:30:00,17.25,17.35,,below,N/A,13017430,C:\codex\stock_data\history\3576_TW.csv
3577.TW,126.5,13:30:00,126.5,136.3,144.2,below,below,859000,C:\codex\stock_data\history\3577_TW.csv
3580.TW,103.0,13:30:00,103.0,102.02000000000001,104.50999999999999,above,below,4795000,C:\codex\stock_data\history\3580_TW.csv
3581.TW,135.0,13:30:00,135.0,159.7,195.15,below,below,1225000,C:\codex\stock_data\history\3581_TW.csv
3583.TW,786.0,13:30:00,786.0,839.8,850.0,below,below,2577247,C:\codex\stock_data\history\3583_TW.csv
3587.TW,283.5,13:30:00,283.5,297.4,310.7,below,below,1050000,C:\codex\stock_data\history\3587_TW.csv
3588.TW,53.3,13:30:00,54.8,60.08,61.709999999999994,below,below,499258,C:\codex\stock_data\history\3588_TW.csv
3591.TW,22.05,13:30:00,22.95,23.95,,below,N/A,775114,C:\codex\stock_data\history\3591_TW.csv
3592.TW,256.5,13:30:00,265.0,269.2,,below,N/A,576298,C:\codex\stock_data\history\3592_TW.csv
3593.TW,17.8,13:33:00,16.45,16.46,,below,N/A,48524,C:\codex\stock_data\history\3593_TW.csv
3594.TW,44.15,13:30:00,44.15,45.980000000000004,48.205,below,below,176000,C:\codex\stock_data\history\3594_TW.csv
3596.TW,184.5,13:30:00,181.0,188.3,188.65,below,below,1137576,C:\codex\stock_data\history\3596_TW.csv
3597.TW,26.8,13:30:00,26.8,27.810000000000002,27.895,below,below,42000,C:\codex\stock_data\history\3597_TW.csv
3605.TW,68.4,13:30:00,72.7,74.7,76.6,below,below,1684442,C:\codex\stock_data\history\3605_TW.csv
3607.TW,16.2,13:30:00,16.6,17.25,,below,N/A,1008281,C:\codex\stock_data\history\3607_TW.csv
3609.TW,27.7,13:30:00,27.7,28.03,28.325,below,below,290000,C:\codex\stock_data\history\3609_TW.csv
3611.TW,191.5,13:30:00,191.5,190.8,190.9,above,above,50000,C:\codex\stock_data\history\3611_TW.csv
3615.TW,53.8,13:30:00,53.8,55.92,53.275,below,above,13920000,C:\codex\stock_data\history\3615_TW.csv
3617.TW,212.5,13:30:00,213.5,215.5,,below,N/A,291804,C:\codex\stock_data\history\3617_TW.csv
3622.TW,55.6,13:30:00,57.4,58.82000000000001,,below,N/A,580685,C:\codex\stock_data\history\3622_TW.csv
3623.TW,23.15,13:30:00,23.15,23.93,23.88,below,below,63000,C:\codex\stock_data\history\3623_TW.csv
3624.TW,113.5,13:30:00,113.5,108.0,110.0,above,above,27192000,C:\codex\stock_data\history\3624_TW.csv
3625.TW,15.15,13:30:00,15.15,15.569999999999999,15.38,below,below,375000,C:\codex\stock_data\history\3625_TW.csv
3628.TW,72.1,13:30:00,72.1,73.24000000000001,71.41,below,above,364000,C:\codex\stock_data\history\3628_TW.csv
3630.TW,30.4,13:30:00,30.4,29.52,28.03,above,above,12044000,C:\codex\stock_data\history\3630_TW.csv
3631.TW,32.25,13:30:00,32.25,33.64,34.735,below,below,104000,C:\codex\stock_data\history\3631_TW.csv
3632.TW,,13:30:00,8.12,8.244,8.355,below,below,9000,C:\codex\stock_data\history\3632_TW.csv
3645.TW,90.0,13:30:00,99.0,99.58,,below,N/A,2615818,C:\codex\stock_data\history\3645_TW.csv
3646.TW,23.6,13:30:00,23.6,23.770000000000003,23.75,below,below,17000,C:\codex\stock_data\history\3646_TW.csv
3652.TW,32.65,13:30:00,33.5,33.720000000000006,34.235,below,below,202553,C:\codex\stock_data\history\3652_TW.csv
3653.TW,3800.0,13:30:00,3800.0,3781.0,3768.5,above,above,2153645,C:\codex\stock_data\history\3653_TW.csv
3661.TW,4040.0,13:30:00,4040.0,4217.0,4382.5,below,below,1403935,C:\codex\stock_data\history\3661_TW.csv
3663.TW,67.0,13:30:00,67.0,74.38,80.53,below,below,2583000,C:\codex\stock_data\history\3663_TW.csv
3664.TW,,13:30:00,7.26,7.504,7.604000000000001,below,below,11000,C:\codex\stock_data\history\3664_TW.csv
3665.TW,,13:25:04,2155.0,2182.0,2154.0,below,above,2520543,C:\codex\stock_data\history\3665_TW.csv
3666.TW,26.1,13:30:00,26.1,26.339999999999996,27.01,below,below,118000,C:\codex\stock_data\history\3666_TW.csv
3669.TW,34.8,13:30:00,36.4,39.45,39.63,below,below,340359,C:\codex\stock_data\history\3669_TW.csv
3672.TW,11.8,13:33:00,11.8,11.43,11.215,above,above,119000,C:\codex\stock_data\history\3672_TW.csv
3673.TW,80.8,13:30:00,86.9,87.46000000000001,87.4,below,below,23487173,C:\codex\stock_data\history\3673_TW.csv
3675.TW,296.0,13:30:00,296.0,339.7,360.9,below,below,3712000,C:\codex\stock_data\history\3675_TW.csv
3679.TW,124.5,13:30:00,130.0,125.5,123.8,above,above,408102,C:\codex\stock_data\history\3679_TW.csv
3680.TW,495.5,13:30:00,495.5,514.5,524.95,below,below,1778000,C:\codex\stock_data\history\3680_TW.csv
3684.TW,57.9,13:30:00,57.9,59.279999999999994,59.5,below,below,90000,C:\codex\stock_data\history\3684_TW.csv
3686.TW,16.6,13:30:00,16.95,17.12,17.27,below,below,227125,C:\codex\stock_data\history\3686_TW.csv
3687.TW,80.8,13:30:00,80.8,77.08000000000001,75.49,above,above,939000,C:\codex\stock_data\history\3687_TW.csv
3689.TW,115.0,13:30:00,115.0,129.4,133.25,below,below,4492000,C:\codex\stock_data\history\3689_TW.csv
3691.TW,163.0,13:30:00,163.0,161.8,161.4,above,above,7951000,C:\codex\stock_data\history\3691_TW.csv
3693.TW,498.5,13:30:00,498.5,547.5,569.65,below,below,1293000,C:\codex\stock_data\history\3693_TW.csv
3694.TW,60.8,13:30:00,62.9,65.88,67.2,below,below,1258239,C:\codex\stock_data\history\3694_TW.csv
3701.TW,48.1,13:30:00,52.1,55.3,55.089999999999996,below,below,876488,C:\codex\stock_data\history\3701_TW.csv
3702.TW,109.0,13:30:00,109.0,111.7,,below,N/A,12426606,C:\codex\stock_data\history\3702_TW.csv
3704.TW,45.05,13:30:00,48.85,48.0,47.175,above,above,5957329,C:\codex\stock_data\history\3704_TW.csv
3706.TW,86.1,13:30:00,91.8,93.08,91.02,below,above,30502944,C:\codex\stock_data\history\3706_TW.csv
3707.TW,71.9,13:30:00,71.9,74.35999999999999,79.77,below,below,8632000,C:\codex\stock_data\history\3707_TW.csv
3709.TW,74.0,13:30:00,74.0,80.47999999999999,84.01,below,below,1626000,C:\codex\stock_data\history\3709_TW.csv
3710.TW,,13:30:00,5.99,6.140000000000001,6.303,below,below,604000,C:\codex\stock_data\history\3710_TW.csv
3711.TW,539.0,13:30:00,539.0,563.6,586.5,below,below,19720100,C:\codex\stock_data\history\3711_TW.csv
3712.TW,18.0,13:30:00,18.45,18.64,,below,N/A,591794,C:\codex\stock_data\history\3712_TW.csv
3714.TW,62.7,13:30:00,66.0,67.9,,below,N/A,13206240,C:\codex\stock_data\history\3714_TW.csv
3715.TW,162.5,13:30:00,162.5,168.4,173.15,below,below,11657423,C:\codex\stock_data\history\3715_TW.csv
4542.TW,327.0,13:30:00,327.0,306.6,279.95,above,above,7992000,C:\codex\stock_data\history\4542_TW.csv
4545.TW,37.45,13:30:00,38.6,39.769999999999996,39.695,below,below,244263,C:\codex\stock_data\history\4545_TW.csv
4554.TW,30.2,13:30:00,30.2,30.339999999999996,30.290000000000003,below,below,36000,C:\codex\stock_data\history\4554_TW.csv
4577.TW,86.7,13:30:00,86.7,94.5,101.85,below,below,1084000,C:\codex\stock_data\history\4577_TW.csv
4585.TW,322.5,13:30:00,330.5,338.3,344.45,below,below,270237,C:\codex\stock_data\history\4585_TW.csv
4588.TW,57.8,13:30:00,59.2,60.720000000000006,58.71,below,above,133301,C:\codex\stock_data\history\4588_TW.csv
4729.TW,22.0,13:30:00,22.0,23.7,24.68,below,below,650000,C:\codex\stock_data\history\4729_TW.csv
4749.TW,925.0,13:30:00,925.0,980.6,1024.8,below,below,1696000,C:\codex\stock_data\history\4749_TW.csv
4760.TW,373.5,13:30:00,373.5,396.4,412.7,below,below,3137000,C:\codex\stock_data\history\4760_TW.csv
4763.TW,44.25,13:30:00,45.35,43.99,42.785000000000004,above,above,14498623,C:\codex\stock_data\history\4763_TW.csv
4903.TW,39.2,13:30:00,39.2,42.17,43.52,below,below,1452000,C:\codex\stock_data\history\4903_TW.csv
4904.TW,106.5,13:30:00,106.5,103.3,,above,N/A,9561178,C:\codex\stock_data\history\4904_TW.csv
4905.TW,74.1,13:30:00,74.1,77.82000000000001,80.34,below,below,10000,C:\codex\stock_data\history\4905_TW.csv
4906.TW,41.55,13:30:00,45.05,47.480000000000004,48.545,below,below,19233451,C:\codex\stock_data\history\4906_TW.csv
4908.TW,200.0,13:30:00,200.0,217.4,226.95,below,below,2261000,C:\codex\stock_data\history\4908_TW.csv
4909.TW,48.4,13:30:00,48.4,49.21999999999999,51.35,below,below,907000,C:\codex\stock_data\history\4909_TW.csv
4912.TW,93.0,13:30:00,95.7,94.74,102.32000000000001,above,below,842821,C:\codex\stock_data\history\4912_TW.csv
4915.TW,75.4,13:30:00,77.0,76.86,75.39,above,above,4814276,C:\codex\stock_data\history\4915_TW.csv
4916.TW,111.5,13:30:00,119.5,120.5,114.98999999999998,below,above,13605010,C:\codex\stock_data\history\4916_TW.csv
4919.TW,159.0,13:30:00,174.5,182.0,191.55,below,below,4244210,C:\codex\stock_data\history\4919_TW.csv
4923.TW,43.5,13:30:00,43.5,44.67,45.290000000000006,below,below,893000,C:\codex\stock_data\history\4923_TW.csv
4924.TW,11.95,13:30:00,11.95,12.27,12.27,below,below,43000,C:\codex\stock_data\history\4924_TW.csv
4927.TW,49.7,13:30:00,54.6,52.44,54.269999999999996,above,above,13715503,C:\codex\stock_data\history\4927_TW.csv
4931.TW,252.0,13:30:00,252.0,260.1,246.25,below,above,15558000,C:\codex\stock_data\history\4931_TW.csv
4933.TW,66.6,13:30:00,66.6,70.9,73.85,below,below,520000,C:\codex\stock_data\history\4933_TW.csv
4934.TW,16.25,13:30:00,16.2,16.529999999999998,,below,N/A,1157324,C:\codex\stock_data\history\4934_TW.csv
4935.TW,37.6,13:30:00,38.1,39.970000000000006,39.85,below,below,270953,C:\codex\stock_data\history\4935_TW.csv
4938.TW,94.8,13:30:00,95.1,95.92,92.26,below,above,34210579,C:\codex\stock_data\history\4938_TW.csv
4939.TW,60.1,13:30:00,60.1,61.06,56.415,below,above,35025000,C:\codex\stock_data\history\4939_TW.csv
4942.TW,37.45,13:30:00,37.65,38.08,38.0,below,below,83350,C:\codex\stock_data\history\4942_TW.csv
4943.TW,9.05,13:30:00,9.25,8.97,9.004999999999999,above,above,37601,C:\codex\stock_data\history\4943_TW.csv
4949.TW,92.0,13:30:00,94.4,95.9,97.96,below,below,1161168,C:\codex\stock_data\history\4949_TW.csv
4951.TW,101.0,13:30:00,101.0,108.8,115.5,below,below,853000,C:\codex\stock_data\history\4951_TW.csv
4952.TW,47.15,13:30:00,49.05,49.43,51.205,below,below,474973,C:\codex\stock_data\history\4952_TW.csv
4953.TW,137.5,13:30:00,137.5,141.3,135.7,below,above,1256000,C:\codex\stock_data\history\4953_TW.csv
4956.TW,37.8,13:30:00,40.4,42.64,,below,N/A,1562332,C:\codex\stock_data\history\4956_TW.csv
4958.TW,502.0,13:30:00,502.0,511.1,513.45,below,below,12649770,C:\codex\stock_data\history\4958_TW.csv
4960.TW,29.15,13:30:00,30.7,32.07,32.36,below,below,6247765,C:\codex\stock_data\history\4960_TW.csv
4961.TW,163.5,13:30:00,169.5,167.1,169.75,above,below,1151279,C:\codex\stock_data\history\4961_TW.csv
4966.TW,662.0,13:30:00,662.0,701.6,767.8,below,below,2062000,C:\codex\stock_data\history\4966_TW.csv
4967.TW,269.0,13:30:00,286.0,288.7,285.05,below,above,8862647,C:\codex\stock_data\history\4967_TW.csv
4968.TW,106.0,13:30:00,110.0,112.9,115.0,below,below,636121,C:\codex\stock_data\history\4968_TW.csv
4971.TW,547.0,13:30:00,547.0,620.6,678.0,below,below,2214000,C:\codex\stock_data\history\4971_TW.csv
4972.TW,16.6,13:30:00,16.6,16.75,16.630000000000003,below,below,10000,C:\codex\stock_data\history\4972_TW.csv
4973.TW,193.0,13:30:00,193.0,175.3,167.4,above,above,4799000,C:\codex\stock_data\history\4973_TW.csv
4974.TW,75.1,13:30:00,75.1,76.04,77.03999999999999,below,below,343000,C:\codex\stock_data\history\4974_TW.csv
4976.TW,33.8,13:30:00,35.55,34.15,32.815,above,above,3338505,C:\codex\stock_data\history\4976_TW.csv
4977.TW,176.0,13:30:00,192.5,200.4,207.35,below,below,3801891,C:\codex\stock_data\history\4977_TW.csv
4979.TW,504.0,13:30:00,504.0,557.4,593.2,below,below,1566000,C:\codex\stock_data\history\4979_TW.csv
4987.TW,81.6,13:30:00,81.5999984741211,81.5999984741211,81.57999877929687,below,above,0,C:\codex\stock_data\history\4987_TW.csv
4989.TW,82.1,13:30:00,87.3,90.03999999999999,96.97,below,below,6290377,C:\codex\stock_data\history\4989_TW.csv
4991.TW,539.0,13:30:00,539.0,617.0,668.8,below,below,5336000,C:\codex\stock_data\history\4991_TW.csv
4994.TW,,13:30:00,85.4,87.4,,below,N/A,42071,C:\codex\stock_data\history\4994_TW.csv
4995.TW,,13:30:00,45.0,45.4,45.535000000000004,below,below,57000,C:\codex\stock_data\history\4995_TW.csv
4999.TW,20.65,13:30:00,20.600000381469727,21.60999984741211,20.814999771118163,below,below,184986,C:\codex\stock_data\history\4999_TW.csv
5201.TW,29.3,13:30:00,29.3,29.339999999999996,29.02,below,above,80000,C:\codex\stock_data\history\5201_TW.csv
5202.TW,15.35,13:30:00,15.35,15.9,14.405000000000001,below,above,1592000,C:\codex\stock_data\history\5202_TW.csv
5203.TW,68.0,13:30:00,68.0,69.74,,below,N/A,581558,C:\codex\stock_data\history\5203_TW.csv
5210.TW,30.95,13:30:00,30.95,30.48,29.855,above,above,921000,C:\codex\stock_data\history\5210_TW.csv
5211.TW,18.5,13:30:00,18.5,18.99,18.845000000000002,below,below,56000,C:\codex\stock_data\history\5211_TW.csv
5212.TW,47.0,13:30:00,47.0,46.54,46.46,above,above,13000,C:\codex\stock_data\history\5212_TW.csv
5215.TW,44.0,13:30:00,44.0,46.14,,below,N/A,243237,C:\codex\stock_data\history\5215_TW.csv
5220.TW,21.15,13:30:00,21.15,22.18,22.66,below,below,101000,C:\codex\stock_data\history\5220_TW.csv
5222.TW,113.0,13:30:00,113.0,118.1,,below,N/A,444571,C:\codex\stock_data\history\5222_TW.csv
5223.TW,25.25,13:30:00,25.25,25.909999999999997,25.6,below,below,25000,C:\codex\stock_data\history\5223_TW.csv
5225.TW,72.2,13:30:00,72.2,73.88000000000001,,below,N/A,450193,C:\codex\stock_data\history\5225_TW.csv
5227.TW,25.55,13:30:00,25.55,26.110000000000003,25.305,below,above,371000,C:\codex\stock_data\history\5227_TW.csv
5228.TW,71.1,13:30:00,71.1,70.03999999999999,67.31,above,above,4197000,C:\codex\stock_data\history\5228_TW.csv
5230.TW,17.3,13:30:00,17.3,17.869999999999997,17.69,below,below,231000,C:\codex\stock_data\history\5230_TW.csv
5234.TW,384.0,13:30:00,384.0,391.8,,below,N/A,605610,C:\codex\stock_data\history\5234_TW.csv
5236.TW,152.0,13:30:00,152.0,159.0,169.1,below,below,451000,C:\codex\stock_data\history\5236_TW.csv
5243.TW,110.0,13:30:00,110.0,112.9,,below,N/A,4670584,C:\codex\stock_data\history\5243_TW.csv
5244.TW,36.7,13:33:00,36.7,38.19,,below,N/A,556621,C:\codex\stock_data\history\5244_TW.csv
5245.TW,26.3,13:30:00,26.3,27.04,27.355,below,below,73000,C:\codex\stock_data\history\5245_TW.csv
5251.TW,29.95,13:30:00,29.95,31.169999999999998,30.365000000000002,below,below,391000,C:\codex\stock_data\history\5251_TW.csv
5258.TW,48.85,13:30:00,48.85,49.38,,below,N/A,611192,C:\codex\stock_data\history\5258_TW.csv
5269.TW,1325.0,13:30:00,1325.0,1452.0,,below,N/A,2290023,C:\codex\stock_data\history\5269_TW.csv
5272.TW,20.25,13:30:00,20.25,21.410000000000004,22.025,below,below,316000,C:\codex\stock_data\history\5272_TW.csv
5274.TW,16840.0,13:30:00,16840.0,17598.0,17935.0,below,below,213000,C:\codex\stock_data\history\5274_TW.csv
5278.TW,23.8,13:30:00,23.8,23.61,23.325,above,above,257000,C:\codex\stock_data\history\5278_TW.csv
5285.TW,84.5,13:30:00,84.5,90.1,,below,N/A,2510656,C:\codex\stock_data\history\5285_TW.csv
5287.TW,146.0,13:30:00,146.0,147.2,146.65,below,below,104000,C:\codex\stock_data\history\5287_TW.csv
5289.TW,1795.0,13:30:00,1795.0,1851.0,1843.5,below,below,5918000,C:\codex\stock_data\history\5289_TW.csv
5291.TW,65.8,13:30:00,65.8,67.2,68.72999999999999,below,below,630000,C:\codex\stock_data\history\5291_TW.csv
5299.TW,100.0,13:30:00,100.0,104.1,109.55,below,below,483000,C:\codex\stock_data\history\5299_TW.csv
5302.TW,10.8,13:30:00,10.8,10.85,11.0,below,below,512000,C:\codex\stock_data\history\5302_TW.csv
5309.TW,67.6,13:30:00,67.6,74.36,74.19,below,below,12111000,C:\codex\stock_data\history\5309_TW.csv
5310.TW,,13:30:00,25.0,25.09,24.525,below,above,44000,C:\codex\stock_data\history\5310_TW.csv
5315.TW,22.15,13:30:00,22.15,22.439999999999998,22.384999999999998,below,below,407000,C:\codex\stock_data\history\5315_TW.csv
5321.TW,37.1,13:30:00,37.1,42.89,48.975,below,below,316000,C:\codex\stock_data\history\5321_TW.csv
5328.TW,44.85,13:30:00,44.85,40.940000000000005,39.835,above,above,70101000,C:\codex\stock_data\history\5328_TW.csv
5340.TW,85.7,13:30:00,85.7,92.82000000000001,97.36,below,below,2105000,C:\codex\stock_data\history\5340_TW.csv
5344.TW,,13:30:00,15.55,16.009999999999998,15.969999999999999,below,below,84000,C:\codex\stock_data\history\5344_TW.csv
5347.TW,152.5,13:30:00,152.5,158.9,164.25,below,below,24615000,C:\codex\stock_data\history\5347_TW.csv
5351.TW,85.5,13:30:00,85.5,86.42,87.36,below,below,39395000,C:\codex\stock_data\history\5351_TW.csv
5353.TW,33.1,13:30:00,33.1,33.260000000000005,31.865000000000002,below,above,921000,C:\codex\stock_data\history\5353_TW.csv
5355.TW,6.8,13:33:00,6.8,6.779999999999999,6.619,above,above,92000,C:\codex\stock_data\history\5355_TW.csv
5356.TW,27.85,13:30:00,27.85,27.43,27.27,above,above,528000,C:\codex\stock_data\history\5356_TW.csv
5371.TW,68.0,13:30:00,68.0,71.76,72.44,below,below,4058000,C:\codex\stock_data\history\5371_TW.csv
5381.TW,34.05,13:30:00,34.05,32.489999999999995,29.514999999999997,above,above,11093000,C:\codex\stock_data\history\5381_TW.csv
5386.TW,495.0,13:30:00,495.0,520.0,545.5,below,below,2948000,C:\codex\stock_data\history\5386_TW.csv
5388.TW,84.0,13:30:00,84.0,86.34,,below,N/A,4904100,C:\codex\stock_data\history\5388_TW.csv
5392.TW,42.55,13:30:00,42.55,44.5,44.945,below,below,3440000,C:\codex\stock_data\history\5392_TW.csv
5403.TW,93.1,13:30:00,93.1,91.78,89.57000000000001,above,above,159000,C:\codex\stock_data\history\5403_TW.csv
5410.TW,40.15,13:30:00,40.25,39.959999999999994,40.010000000000005,above,above,864000,C:\codex\stock_data\history\5410_TW.csv
5425.TW,87.3,13:30:00,87.3,94.68,101.94,below,below,21020000,C:\codex\stock_data\history\5425_TW.csv
5426.TW,32.45,13:30:00,32.45,31.72,26.375,above,above,5084000,C:\codex\stock_data\history\5426_TW.csv
5434.TW,449.5,13:30:00,449.5,453.2,,below,N/A,1059492,C:\codex\stock_data\history\5434_TW.csv
5438.TW,18.9,13:30:00,18.9,19.43,19.405,below,below,75000,C:\codex\stock_data\history\5438_TW.csv
5439.TW,355.5,13:30:00,363.5,364.4,371.45,below,below,1345000,C:\codex\stock_data\history\5439_TW.csv
5443.TW,100.5,13:30:00,100.5,109.3,116.55,below,below,3611000,C:\codex\stock_data\history\5443_TW.csv
5452.TW,31.1,13:30:00,31.1,33.760000000000005,34.07,below,below,3450000,C:\codex\stock_data\history\5452_TW.csv
5457.TW,29.5,13:30:00,30.05,30.99,30.445,below,below,513000,C:\codex\stock_data\history\5457_TW.csv
5460.TW,,13:30:00,14.7,14.87,14.934999999999999,below,below,46000,C:\codex\stock_data\history\5460_TW.csv
5464.TW,67.5,13:30:00,67.5,66.96000000000001,72.0,above,below,1515000,C:\codex\stock_data\history\5464_TW.csv
5465.TW,26.05,13:30:00,26.45,27.169999999999998,26.975,below,below,83000,C:\codex\stock_data\history\5465_TW.csv
5468.TW,18.0,13:30:00,18.0,17.68,17.755,above,above,184000,C:\codex\stock_data\history\5468_TW.csv
5469.TW,80.6,13:30:00,80.6,82.7,,below,N/A,4051134,C:\codex\stock_data\history\5469_TW.csv
5471.TW,48.45,13:30:00,48.45,49.81,,below,N/A,1840614,C:\codex\stock_data\history\5471_TW.csv
5474.TW,175.5,13:33:00,175.5,173.0,177.5,above,below,989000,C:\codex\stock_data\history\5474_TW.csv
5475.TW,245.0,13:30:00,261.0,281.0,284.5,below,below,2065000,C:\codex\stock_data\history\5475_TW.csv
5483.TW,143.5,13:30:00,143.5,150.2,158.35,below,below,11180000,C:\codex\stock_data\history\5483_TW.csv
5484.TW,49.95,13:30:00,49.95,53.92999999999999,,below,N/A,1953987,C:\codex\stock_data\history\5484_TW.csv
5487.TW,28.4,13:30:00,28.4,27.679999999999996,27.54,above,above,96000,C:\codex\stock_data\history\5487_TW.csv
5488.TW,12.1,13:30:00,12.95,13.14,12.89,below,above,438000,C:\codex\stock_data\history\5488_TW.csv
5489.TW,39.65,13:30:00,39.65,39.78,39.379999999999995,below,above,48000,C:\codex\stock_data\history\5489_TW.csv
5490.TW,28.6,13:30:00,28.6,28.880000000000003,29.115,below,below,475000,C:\codex\stock_data\history\5490_TW.csv
5493.TW,100.0,13:30:00,100.5,93.75999999999999,92.59,above,above,1623000,C:\codex\stock_data\history\5493_TW.csv
5498.TW,60.7,13:30:00,60.7,60.9,62.779999999999994,below,below,12810000,C:\codex\stock_data\history\5498_TW.csv
5522.TW,82.2,13:30:00,82.2,76.58,,above,N/A,5246941,C:\codex\stock_data\history\5522_TW.csv
5536.TW,1090.0,13:30:00,1090.0,1099.0,1058.1,below,above,1210000,C:\codex\stock_data\history\5536_TW.csv
5871.TW,119.5,13:30:00,119.5,118.3,,above,N/A,18917828,C:\codex\stock_data\history\5871_TW.csv
5876.TW,42.05,13:30:00,42.05,41.269999999999996,,above,N/A,13514151,C:\codex\stock_data\history\5876_TW.csv
5880.TW,23.8,13:30:00,23.8,23.57,,above,N/A,24784314,C:\codex\stock_data\history\5880_TW.csv
6005.TW,38.25,13:30:00,38.25,41.39,,below,N/A,32125886,C:\codex\stock_data\history\6005_TW.csv
6103.TW,,13:30:00,36.8,38.029999999999994,37.57,below,below,5000,C:\codex\stock_data\history\6103_TW.csv
6104.TW,100.0,13:30:00,100.0,101.4,100.91999999999999,below,below,7671000,C:\codex\stock_data\history\6104_TW.csv
6108.TW,18.3,13:30:00,18.3,19.009999999999998,,below,N/A,741205,C:\codex\stock_data\history\6108_TW.csv
6109.TW,11.1,13:30:00,11.1,11.39,11.315000000000001,below,below,176000,C:\codex\stock_data\history\6109_TW.csv
6112.TW,47.6,13:30:00,47.6,49.1,,below,N/A,2579057,C:\codex\stock_data\history\6112_TW.csv
6113.TW,26.25,13:30:00,26.25,25.56,26.435000000000002,above,below,1106000,C:\codex\stock_data\history\6113_TW.csv
6114.TW,29.35,13:30:00,29.35,30.02,30.32,below,below,45000,C:\codex\stock_data\history\6114_TW.csv
6115.TW,48.4,13:30:00,48.4,49.06,,below,N/A,336911,C:\codex\stock_data\history\6115_TW.csv
6116.TW,14.4,13:30:00,14.4,17.110000000000003,,below,N/A,39966290,C:\codex\stock_data\history\6116_TW.csv
6117.TW,77.8,13:30:00,77.8,81.02000000000001,,below,N/A,694564,C:\codex\stock_data\history\6117_TW.csv
6118.TW,16.9,13:30:00,16.9,17.46,17.744999999999997,below,below,323000,C:\codex\stock_data\history\6118_TW.csv
6120.TW,13.5,13:30:00,13.5,14.569999999999999,,below,N/A,3957299,C:\codex\stock_data\history\6120_TW.csv
6121.TW,403.0,13:30:00,403.0,411.3,404.35,below,below,1528000,C:\codex\stock_data\history\6121_TW.csv
6123.TW,,13:30:00,46.25,46.42,45.49,below,above,162000,C:\codex\stock_data\history\6123_TW.csv
6124.TW,30.85,13:30:00,30.85,33.35,32.144999999999996,below,below,195000,C:\codex\stock_data\history\6124_TW.csv
6125.TW,59.5,13:30:00,59.5,63.279999999999994,66.22999999999999,below,below,1750000,C:\codex\stock_data\history\6125_TW.csv
6126.TW,38.6,13:30:00,38.6,40.67,39.29,below,below,4106000,C:\codex\stock_data\history\6126_TW.csv
6127.TW,77.0,13:30:00,77.0,77.55999999999999,74.63,below,above,96811000,C:\codex\stock_data\history\6127_TW.csv
6128.TW,20.3,13:30:00,20.3,20.73,,below,N/A,185943,C:\codex\stock_data\history\6128_TW.csv
6129.TW,15.2,13:30:00,15.2,15.87,16.19,below,below,723000,C:\codex\stock_data\history\6129_TW.csv
6133.TW,22.75,13:30:00,23.450000762939453,23.909999847412113,23.614999771118164,below,below,1141492,C:\codex\stock_data\history\6133_TW.csv
6134.TW,34.2,13:30:00,34.2,34.89,35.88,below,below,3852000,C:\codex\stock_data\history\6134_TW.csv
6136.TW,25.3,13:30:00,25.45,26.060000000000002,25.955000000000002,below,below,212084,C:\codex\stock_data\history\6136_TW.csv
6138.TW,291.0,13:30:00,291.0,310.4,325.3,below,below,707000,C:\codex\stock_data\history\6138_TW.csv
6139.TW,737.0,13:30:00,737.0,769.4,,below,N/A,6037370,C:\codex\stock_data\history\6139_TW.csv
6140.TW,22.0,13:30:00,22.0,23.6,22.235,below,below,455000,C:\codex\stock_data\history\6140_TW.csv
6141.TW,32.5,13:30:00,35.1,37.7,40.175,below,below,1280398,C:\codex\stock_data\history\6141_TW.csv
6142.TW,8.3,13:30:00,8.31,8.628,8.48,below,below,446485,C:\codex\stock_data\history\6142_TW.csv
6143.TW,89.8,13:30:00,89.8,93.12,96.53,below,below,640000,C:\codex\stock_data\history\6143_TW.csv
6146.TW,214.0,13:30:00,214.0,218.1,222.0,below,below,707000,C:\codex\stock_data\history\6146_TW.csv
6147.TW,226.0,13:30:00,226.0,252.2,268.6,below,below,60415000,C:\codex\stock_data\history\6147_TW.csv
6148.TW,34.5,13:30:00,34.5,36.4,33.975,below,above,3082000,C:\codex\stock_data\history\6148_TW.csv
6150.TW,62.3,13:30:00,62.3,66.08000000000001,68.41,below,below,446000,C:\codex\stock_data\history\6150_TW.csv
6151.TW,39.4,13:30:00,39.4,42.74,43.435,below,below,722000,C:\codex\stock_data\history\6151_TW.csv
6152.TW,14.7,13:30:00,14.7,15.23,15.265,below,below,2139747,C:\codex\stock_data\history\6152_TW.csv
6153.TW,20.75,13:30:00,20.5,19.48,18.865,above,above,32136661,C:\codex\stock_data\history\6153_TW.csv
6154.TW,13.9,13:30:00,13.9,13.85,13.655000000000001,above,above,58000,C:\codex\stock_data\history\6154_TW.csv
6155.TW,76.5,13:30:00,80.69999694824219,76.16000061035156,71.17000045776368,above,above,40887330,C:\codex\stock_data\history\6155_TW.csv
6156.TW,18.6,13:30:00,18.6,18.990000000000002,18.97,below,below,647000,C:\codex\stock_data\history\6156_TW.csv
6158.TW,17.85,13:30:00,17.85,18.03,18.005000000000003,below,below,77000,C:\codex\stock_data\history\6158_TW.csv
6160.TW,16.55,13:30:00,16.55,17.14,17.165,below,below,98000,C:\codex\stock_data\history\6160_TW.csv
6161.TW,52.1,13:30:00,52.1,53.1,55.69,below,below,288000,C:\codex\stock_data\history\6161_TW.csv
6163.TW,49.9,13:30:00,49.9,52.4,52.620000000000005,below,below,1940000,C:\codex\stock_data\history\6163_TW.csv
6164.TW,12.4,13:30:00,12.4,12.76,12.765,below,below,644470,C:\codex\stock_data\history\6164_TW.csv
6165.TW,48.75,13:30:00,48.75,49.15,48.725,below,above,722398,C:\codex\stock_data\history\6165_TW.csv
6166.TW,125.5,13:30:00,125.5,130.1,130.45,below,below,6915733,C:\codex\stock_data\history\6166_TW.csv
6167.TW,11.45,13:30:00,11.45,11.860000000000001,11.915,below,below,474000,C:\codex\stock_data\history\6167_TW.csv
6168.TW,23.85,13:30:00,23.85,25.16,26.435000000000002,below,below,2455720,C:\codex\stock_data\history\6168_TW.csv
6170.TW,52.0,13:30:00,52.0,52.7,52.2,below,below,254000,C:\codex\stock_data\history\6170_TW.csv
6173.TW,229.0,13:30:00,229.0,221.5,226.3,above,above,3128000,C:\codex\stock_data\history\6173_TW.csv
6174.TW,47.0,13:30:00,47.0,45.6,45.89,above,above,12501000,C:\codex\stock_data\history\6174_TW.csv
6175.TW,99.9,13:30:00,99.9,97.78,98.5,above,above,25074000,C:\codex\stock_data\history\6175_TW.csv
6176.TW,89.1,13:30:00,91.8,98.17999999999999,100.94,below,below,17034573,C:\codex\stock_data\history\6176_TW.csv
6182.TW,78.5,13:30:00,78.5,84.42,89.63,below,below,8994000,C:\codex\stock_data\history\6182_TW.csv
6183.TW,88.6,13:30:00,88.80000305175781,89.98000030517578,90.5400001525879,below,below,81882,C:\codex\stock_data\history\6183_TW.csv
6185.TW,14.2,13:30:00,14.2,14.309999999999999,14.194999999999999,below,above,356000,C:\codex\stock_data\history\6185_TW.csv
6187.TW,1065.0,13:30:00,1065.0,1102.0,1101.5,below,below,2100000,C:\codex\stock_data\history\6187_TW.csv
6188.TW,79.3,13:30:00,79.3,82.25999999999999,84.03999999999999,below,below,1760000,C:\codex\stock_data\history\6188_TW.csv
6189.TW,53.1,13:30:00,55.900001525878906,54.48000030517578,52.38999977111816,above,above,6480515,C:\codex\stock_data\history\6189_TW.csv
6190.TW,80.0,13:30:00,80.0,80.2,83.67999999999999,below,below,6529000,C:\codex\stock_data\history\6190_TW.csv
6191.TW,92.4,13:30:00,98.0,98.37999877929687,97.71999893188476,below,above,5079292,C:\codex\stock_data\history\6191_TW.csv
6192.TW,129.0,13:30:00,128.5,128.6,128.35,below,above,248379,C:\codex\stock_data\history\6192_TW.csv
6194.TW,32.2,13:30:00,32.2,33.1,33.675,below,below,52000,C:\codex\stock_data\history\6194_TW.csv
6196.TW,500.0,13:30:00,520.0,505.1,506.25,above,above,1837962,C:\codex\stock_data\history\6196_TW.csv
6197.TW,325.5,13:30:00,343.0,328.1,312.15,above,above,9618254,C:\codex\stock_data\history\6197_TW.csv
6201.TW,47.0,13:30:00,47.04999923706055,48.5,48.48499984741211,below,below,102188,C:\codex\stock_data\history\6201_TW.csv
6202.TW,50.5,13:30:00,50.5,53.5,,below,N/A,1627166,C:\codex\stock_data\history\6202_TW.csv
6203.TW,67.5,13:30:00,67.5,69.96,70.75,below,below,365000,C:\codex\stock_data\history\6203_TW.csv
6204.TW,112.5,13:30:00,112.5,108.4,103.65,above,above,2551000,C:\codex\stock_data\history\6204_TW.csv
6205.TW,75.2,13:30:00,81.69999694824219,84.61999816894532,82.95999908447266,below,below,2051748,C:\codex\stock_data\history\6205_TW.csv
6206.TW,132.5,13:30:00,138.5,139.2,139.4,below,below,1456055,C:\codex\stock_data\history\6206_TW.csv
6207.TW,134.5,13:30:00,134.5,137.0,129.05,below,above,12274000,C:\codex\stock_data\history\6207_TW.csv
6208.TW,78.6,13:30:00,78.6,82.56,87.59,below,below,695000,C:\codex\stock_data\history\6208_TW.csv
6209.TW,81.0,13:30:00,81.0,84.32000000000001,,below,N/A,60441006,C:\codex\stock_data\history\6209_TW.csv
6210.TW,,13:30:00,21.5,21.130000000000003,21.07,above,above,68000,C:\codex\stock_data\history\6210_TW.csv
6213.TW,254.0,13:30:00,254.0,253.9,,above,N/A,15359092,C:\codex\stock_data\history\6213_TW.csv
6214.TW,143.5,13:30:00,143.0,146.2,142.2,below,above,1929362,C:\codex\stock_data\history\6214_TW.csv
6215.TW,108.5,13:30:00,108.5,114.5,,below,N/A,2560652,C:\codex\stock_data\history\6215_TW.csv
6216.TW,22.4,13:30:00,22.850000381469727,23.39000015258789,23.035000228881838,below,below,170021,C:\codex\stock_data\history\6216_TW.csv
6217.TW,233.0,13:30:00,233.0,246.7,270.0,below,below,11574000,C:\codex\stock_data\history\6217_TW.csv
6218.TW,32.75,13:30:00,32.75,34.58,36.565,below,below,888000,C:\codex\stock_data\history\6218_TW.csv
6220.TW,33.9,13:30:00,33.9,33.76,33.535000000000004,above,above,1149000,C:\codex\stock_data\history\6220_TW.csv
6221.TW,23.95,13:30:00,23.95,24.33,24.04,below,below,94000,C:\codex\stock_data\history\6221_TW.csv
6222.TW,,13:30:00,20.45,20.44,20.564999999999998,above,below,18000,C:\codex\stock_data\history\6222_TW.csv
6223.TW,5770.0,13:30:00,5770.0,5801.0,5797.5,below,below,1608000,C:\codex\stock_data\history\6223_TW.csv
6224.TW,79.6,13:30:00,79.6,81.08,,below,N/A,4734513,C:\codex\stock_data\history\6224_TW.csv
6225.TW,,13:30:00,23.549999237060547,23.529999923706058,24.015000152587895,above,below,4057,C:\codex\stock_data\history\6225_TW.csv
6226.TW,12.35,13:30:00,12.350000381469728,13.090000343322753,13.260000228881836,below,below,1709249,C:\codex\stock_data\history\6226_TW.csv
6227.TW,124.5,13:30:00,124.5,129.2,130.9,below,below,1435000,C:\codex\stock_data\history\6227_TW.csv
6228.TW,,13:30:00,21.5,20.85,20.975,above,above,29000,C:\codex\stock_data\history\6228_TW.csv
6229.TW,26.55,13:30:00,26.55,26.45,26.7,above,below,234000,C:\codex\stock_data\history\6229_TW.csv
6230.TW,132.5,13:30:00,132.5,137.0,138.1,below,below,109457,C:\codex\stock_data\history\6230_TW.csv
6231.TW,278.0,13:30:00,278.0,300.1,301.9,below,below,818000,C:\codex\stock_data\history\6231_TW.csv
6233.TW,23.4,13:30:00,23.4,24.339999999999996,24.845,below,below,463000,C:\codex\stock_data\history\6233_TW.csv
6234.TW,46.4,13:30:00,46.4,45.75,47.385000000000005,above,below,2617000,C:\codex\stock_data\history\6234_TW.csv
6235.TW,41.0,13:30:00,41.0,42.7,44.05999984741211,below,below,836372,C:\codex\stock_data\history\6235_TW.csv
6237.TW,44.0,13:30:00,44.0,47.5,49.68,below,below,904000,C:\codex\stock_data\history\6237_TW.csv
6239.TW,303.0,13:30:00,303.0,325.0,341.75,below,below,13929225,C:\codex\stock_data\history\6239_TW.csv
6240.TW,,13:30:00,18.05,18.27,18.145000000000003,below,below,29000,C:\codex\stock_data\history\6240_TW.csv
6241.TW,11.5,13:30:00,11.5,10.632,10.4,above,above,1007000,C:\codex\stock_data\history\6241_TW.csv
6243.TW,29.45,13:30:00,29.450000762939453,31.329999923706055,32.55499973297119,below,below,231275,C:\codex\stock_data\history\6243_TW.csv
6244.TW,31.2,13:30:00,31.2,28.869999999999997,29.605,above,above,20385000,C:\codex\stock_data\history\6244_TW.csv
6245.TW,85.0,13:30:00,85.0,85.98,87.42999999999999,below,below,1495000,C:\codex\stock_data\history\6245_TW.csv
6246.TW,15.25,13:30:00,15.25,15.720000000000002,15.59,below,below,9000,C:\codex\stock_data\history\6246_TW.csv
6257.TW,203.5,13:30:00,203.5,212.8,218.5,below,below,7968733,C:\codex\stock_data\history\6257_TW.csv
6259.TW,27.05,13:30:00,27.05,26.639999999999997,26.755000000000003,above,above,1097000,C:\codex\stock_data\history\6259_TW.csv
6261.TW,94.8,13:30:00,94.8,102.14,108.37,below,below,2976000,C:\codex\stock_data\history\6261_TW.csv
6263.TW,162.0,13:30:00,162.0,164.7,171.7,below,below,871000,C:\codex\stock_data\history\6263_TW.csv
6265.TW,56.3,13:30:00,56.3,57.239999999999995,57.169999999999995,below,below,15570000,C:\codex\stock_data\history\6265_TW.csv
6266.TW,27.4,13:30:00,27.4,27.830000000000002,28.0,below,below,1006000,C:\codex\stock_data\history\6266_TW.csv
6269.TW,68.3,13:30:00,68.30000305175781,68.36000061035156,68.70000038146972,below,below,11931290,C:\codex\stock_data\history\6269_TW.csv
6270.TW,36.7,13:30:00,36.7,34.84,31.545000000000005,above,above,18349000,C:\codex\stock_data\history\6270_TW.csv
6271.TW,225.0,13:30:00,225.0,232.7,240.2,below,below,3022897,C:\codex\stock_data\history\6271_TW.csv
6272.TW,35.35,13:30:00,35.349998474121094,37.55999984741211,37.00499992370605,below,below,577690,C:\codex\stock_data\history\6272_TW.csv
6274.TW,1500.0,13:30:00,1500.0,1591.0,1617.5,below,below,9012000,C:\codex\stock_data\history\6274_TW.csv
6275.TW,47.0,13:30:00,47.0,49.06999969482422,49.989999771118164,below,below,548907,C:\codex\stock_data\history\6275_TW.csv
6276.TW,25.4,13:30:00,25.4,26.410000000000004,26.975,below,below,48000,C:\codex\stock_data\history\6276_TW.csv
6277.TW,73.2,13:30:00,73.19999694824219,75.95999908447266,77.41999969482421,below,below,521129,C:\codex\stock_data\history\6277_TW.csv
6278.TW,188.0,13:30:00,188.0,200.5,208.85,below,below,15846157,C:\codex\stock_data\history\6278_TW.csv
6279.TW,120.0,13:30:00,120.0,120.4,120.55,below,below,1094000,C:\codex\stock_data\history\6279_TW.csv
6281.TW,51.5,13:30:00,51.5,51.51999969482422,51.27000007629395,below,above,116064,C:\codex\stock_data\history\6281_TW.csv
6282.TW,58.5,13:30:00,58.5,63.02000045776367,62.59000091552734,below,below,89431207,C:\codex\stock_data\history\6282_TW.csv
6283.TW,24.4,13:30:00,24.39999961853028,24.799999618530276,24.73999996185303,below,below,618816,C:\codex\stock_data\history\6283_TW.csv
6284.TW,98.0,13:30:00,98.0,102.98000030517578,109.0400001525879,below,below,14366231,C:\codex\stock_data\history\6284_TW.csv
6285.TW,270.0,13:30:00,270.0,283.6,,below,N/A,16489267,C:\codex\stock_data\history\6285_TW.csv
6290.TW,293.0,13:30:00,293.0,328.0,341.9,below,below,7485000,C:\codex\stock_data\history\6290_TW.csv
6291.TW,503.0,13:30:00,503.0,564.6,603.9,below,below,621000,C:\codex\stock_data\history\6291_TW.csv
6292.TW,58.2,13:30:00,58.2,58.82000000000001,62.64,below,below,617000,C:\codex\stock_data\history\6292_TW.csv
6405.TW,69.6,13:30:00,69.5999984741211,73.73999938964843,75.7400001525879,below,below,540343,C:\codex\stock_data\history\6405_TW.csv
6409.TW,855.0,13:30:00,855.0,888.4,,below,N/A,1867193,C:\codex\stock_data\history\6409_TW.csv
6411.TW,91.6,13:30:00,91.6,94.1,99.85,below,below,1761000,C:\codex\stock_data\history\6411_TW.csv
6412.TW,87.0,13:30:00,87.0,94.16000061035156,98.61000061035156,below,below,4127005,C:\codex\stock_data\history\6412_TW.csv
6414.TW,388.0,13:30:00,388.0,386.9,,above,N/A,2471668,C:\codex\stock_data\history\6414_TW.csv
6415.TW,492.5,13:30:00,492.5,539.3,,below,N/A,5672555,C:\codex\stock_data\history\6415_TW.csv
6416.TW,81.7,13:30:00,81.69999694824219,85.14000091552734,87.75000076293945,below,below,342211,C:\codex\stock_data\history\6416_TW.csv
6417.TW,132.0,13:30:00,132.0,136.8,139.5,below,below,210000,C:\codex\stock_data\history\6417_TW.csv
6418.TW,31.05,13:30:00,31.05,32.78,31.564999999999998,below,below,216000,C:\codex\stock_data\history\6418_TW.csv
6419.TW,127.5,13:30:00,127.5,135.2,139.6,below,below,315000,C:\codex\stock_data\history\6419_TW.csv
6423.TW,82.9,13:30:00,82.9,86.74,90.39000000000001,below,below,214000,C:\codex\stock_data\history\6423_TW.csv
6426.TW,208.0,13:30:00,208.0,225.2,242.2,below,below,2292323,C:\codex\stock_data\history\6426_TW.csv
6432.TW,75.9,13:30:00,75.9,68.26,68.03,above,above,7508000,C:\codex\stock_data\history\6432_TW.csv
6435.TW,261.0,13:30:00,261.0,273.0,279.75,below,below,479000,C:\codex\stock_data\history\6435_TW.csv
6438.TW,146.0,13:30:00,146.0,152.7,,below,N/A,875830,C:\codex\stock_data\history\6438_TW.csv
6441.TW,24.3,13:30:00,24.3,23.939999999999998,24.145,above,above,241000,C:\codex\stock_data\history\6441_TW.csv
6442.TW,1890.0,13:30:00,1890.0,2032.0,,below,N/A,1555409,C:\codex\stock_data\history\6442_TW.csv
6443.TW,40.1,13:30:00,40.1,39.470000000000006,,above,N/A,77909269,C:\codex\stock_data\history\6443_TW.csv
6449.TW,368.0,13:30:00,368.0,366.3,,above,N/A,648288,C:\codex\stock_data\history\6449_TW.csv
6451.TW,555.0,13:30:00,555.0,623.4,,below,N/A,5744109,C:\codex\stock_data\history\6451_TW.csv
6456.TW,71.3,13:30:00,71.3,78.9,,below,N/A,10103578,C:\codex\stock_data\history\6456_TW.csv
6462.TW,107.5,13:30:00,107.5,112.6,118.05,below,below,1161000,C:\codex\stock_data\history\6462_TW.csv
6465.TW,50.4,13:30:00,50.4,53.220000000000006,51.665000000000006,below,below,568000,C:\codex\stock_data\history\6465_TW.csv
6470.TW,48.7,13:30:00,48.7,49.739999999999995,49.394999999999996,below,below,84000,C:\codex\stock_data\history\6470_TW.csv
6474.TW,37.1,13:30:00,37.1,37.73,37.875,below,below,49000,C:\codex\stock_data\history\6474_TW.csv
6477.TW,32.1,13:30:00,32.1,32.92,,below,N/A,1919287,C:\codex\stock_data\history\6477_TW.csv
6485.TW,88.4,13:30:00,88.4,104.16,107.38,below,below,1865000,C:\codex\stock_data\history\6485_TW.csv
6486.TW,81.1,13:30:00,81.1,82.41999999999999,82.28,below,below,103000,C:\codex\stock_data\history\6486_TW.csv
6488.TW,775.0,13:30:00,775.0,805.4,880.9,below,below,3268000,C:\codex\stock_data\history\6488_TW.csv
6494.TW,52.6,13:30:00,52.6,53.839999999999996,55.86,below,below,340000,C:\codex\stock_data\history\6494_TW.csv
6498.TW,98.0,13:30:00,98.0,100.0,101.85,below,below,187000,C:\codex\stock_data\history\6498_TW.csv
6505.TW,51.0,13:30:00,51.0,53.760000000000005,,below,N/A,9674170,C:\codex\stock_data\history\6505_TW.csv
6510.TW,3200.0,13:30:00,3200.0,3392.0,3319.5,below,below,935000,C:\codex\stock_data\history\6510_TW.csv
6512.TW,,13:30:00,19.8,19.810000000000002,19.494999999999997,below,above,10000,C:\codex\stock_data\history\6512_TW.csv
6515.TW,8125.0,13:30:00,8125.0,8438.0,,below,N/A,227104,C:\codex\stock_data\history\6515_TW.csv
6516.TW,55.7,13:30:00,55.7,58.67999999999999,58.15999999999999,below,below,91000,C:\codex\stock_data\history\6516_TW.csv
6517.TW,62.8,13:30:00,62.8,65.66,62.68000000000001,below,above,2642000,C:\codex\stock_data\history\6517_TW.csv
6525.TW,114.0,13:30:00,114.0,118.5,,below,N/A,1588363,C:\codex\stock_data\history\6525_TW.csv
6526.TW,615.0,13:30:00,615.0,649.4,,below,N/A,702329,C:\codex\stock_data\history\6526_TW.csv
6530.TW,99.3,13:30:00,99.3,105.16000000000001,107.38,below,below,1246000,C:\codex\stock_data\history\6530_TW.csv
6531.TW,894.0,13:30:00,894.0,966.2,,below,N/A,5662890,C:\codex\stock_data\history\6531_TW.csv
6532.TW,87.1,13:30:00,87.1,94.11999999999999,96.59,below,below,599000,C:\codex\stock_data\history\6532_TW.csv
6533.TW,199.5,13:30:00,199.5,211.6,,below,N/A,514534,C:\codex\stock_data\history\6533_TW.csv
6538.TW,99.7,13:30:00,99.7,114.94000000000001,119.47,below,below,937000,C:\codex\stock_data\history\6538_TW.csv
6546.TW,74.2,13:30:00,74.2,75.72,79.41999999999999,below,below,858000,C:\codex\stock_data\history\6546_TW.csv
6548.TW,81.8,13:30:00,81.8,87.72,81.85,below,below,5237000,C:\codex\stock_data\history\6548_TW.csv
6552.TW,28.9,13:30:00,28.9,31.07,,below,N/A,287729,C:\codex\stock_data\history\6552_TW.csv
6556.TW,71.6,13:30:00,71.6,72.12,71.68,below,below,6000,C:\codex\stock_data\history\6556_TW.csv
6558.TW,30.95,13:30:00,30.95,32.71,,below,N/A,730684,C:\codex\stock_data\history\6558_TW.csv
6560.TW,37.55,13:30:00,37.55,38.910000000000004,38.845,below,below,178000,C:\codex\stock_data\history\6560_TW.csv
6561.TW,348.0,13:30:00,348.0,357.1,360.0,below,below,112000,C:\codex\stock_data\history\6561_TW.csv
6568.TW,171.0,13:30:00,171.0,189.2,208.4,below,below,557000,C:\codex\stock_data\history\6568_TW.csv
6570.TW,58.0,13:30:00,58.0,57.739999999999995,58.53000000000001,above,below,442000,C:\codex\stock_data\history\6570_TW.csv
6573.TW,15.05,13:30:00,15.05,15.62,,below,N/A,258579,C:\codex\stock_data\history\6573_TW.csv
6577.TW,79.5,13:30:00,79.5,80.88000000000001,80.61,below,below,71000,C:\codex\stock_data\history\6577_TW.csv
6579.TW,162.5,13:30:00,162.5,160.4,,above,N/A,1504543,C:\codex\stock_data\history\6579_TW.csv
6584.TW,601.0,13:30:00,601.0,642.4,669.5,below,below,1068000,C:\codex\stock_data\history\6584_TW.csv
6588.TW,100.0,13:30:00,100.0,104.8,108.5,below,below,1736000,C:\codex\stock_data\history\6588_TW.csv
6590.TW,,13:30:00,66.2,66.12,65.82000000000001,above,above,12000,C:\codex\stock_data\history\6590_TW.csv
6591.TW,55.1,13:30:00,55.1,57.279999999999994,,below,N/A,595077,C:\codex\stock_data\history\6591_TW.csv
6593.TW,34.35,13:30:00,34.35,34.92,34.970000000000006,below,below,124000,C:\codex\stock_data\history\6593_TW.csv
6597.TW,67.5,13:30:00,67.5,71.8,71.79,below,below,56000,C:\codex\stock_data\history\6597_TW.csv
6613.TW,260.5,13:30:00,260.5,258.6,260.3,above,above,402000,C:\codex\stock_data\history\6613_TW.csv
6614.TW,39.9,13:30:00,39.900001525878906,39.93000030517578,39.81500015258789,below,above,72288,C:\codex\stock_data\history\6614_TW.csv
6640.TW,1035.0,13:30:00,1035.0,1130.0,1222.0,below,below,293000,C:\codex\stock_data\history\6640_TW.csv
6642.TW,84.4,13:30:00,84.4,83.35999999999999,85.19,above,below,4511000,C:\codex\stock_data\history\6642_TW.csv
6643.TW,466.0,13:30:00,466.0,516.0,545.3,below,below,786000,C:\codex\stock_data\history\6643_TW.csv
6651.TW,128.0,13:30:00,128.0,135.5,139.7,below,below,271000,C:\codex\stock_data\history\6651_TW.csv
6654.TW,165.0,13:30:00,165.0,168.8,164.3,below,above,116000,C:\codex\stock_data\history\6654_TW.csv
6658.TW,176.0,13:30:00,176.0,188.8,199.3,below,below,1236147,C:\codex\stock_data\history\6658_TW.csv
6664.TW,367.5,13:30:00,367.5,393.7,409.2,below,below,918000,C:\codex\stock_data\history\6664_TW.csv
6667.TW,264.0,13:30:00,264.0,271.4,272.95,below,below,759000,C:\codex\stock_data\history\6667_TW.csv
6668.TW,37.15,13:30:00,37.15,37.81999999999999,,below,N/A,1310332,C:\codex\stock_data\history\6668_TW.csv
6669.TW,5065.0,13:30:00,5065.0,5374.0,,below,N/A,2030273,C:\codex\stock_data\history\6669_TW.csv
6670.TW,281.5,13:30:00,281.5,277.5,,above,N/A,957813,C:\codex\stock_data\history\6670_TW.csv
6672.TW,218.5,13:30:00,218.5,221.3,,below,N/A,6082056,C:\codex\stock_data\history\6672_TW.csv
6674.TW,,13:30:00,17.45,17.809999999999995,,below,N/A,20007,C:\codex\stock_data\history\6674_TW.csv
6679.TW,261.5,13:30:00,261.5,274.2,290.3,below,below,425000,C:\codex\stock_data\history\6679_TW.csv
6680.TW,,13:30:00,55.6,55.4,56.48,above,below,5000,C:\codex\stock_data\history\6680_TW.csv
6683.TW,1410.0,13:30:00,1410.0,1541.0,1624.5,below,below,1060000,C:\codex\stock_data\history\6683_TW.csv
6684.TW,49.4,13:30:00,49.4,47.79,46.19,above,above,980000,C:\codex\stock_data\history\6684_TW.csv
6689.TW,68.5,13:30:00,68.5,71.6,,below,N/A,325822,C:\codex\stock_data\history\6689_TW.csv
6690.TW,172.0,13:30:00,172.0,176.9,178.25,below,below,225000,C:\codex\stock_data\history\6690_TW.csv
6691.TW,632.0,13:30:00,632.0,632.6,,below,N/A,962788,C:\codex\stock_data\history\6691_TW.csv
6693.TW,160.5,13:30:00,160.5,163.1,156.8,below,above,3339000,C:\codex\stock_data\history\6693_TW.csv
6695.TW,51.2,13:30:00,51.2,51.739999999999995,,below,N/A,1209709,C:\codex\stock_data\history\6695_TW.csv
6697.TW,41.6,13:30:00,41.6,42.410000000000004,42.825,below,below,38000,C:\codex\stock_data\history\6697_TW.csv
6698.TW,37.5,13:30:00,37.5,41.9,,below,N/A,1441986,C:\codex\stock_data\history\6698_TW.csv
6706.TW,163.0,13:30:00,163.0,179.4,,below,N/A,3631790,C:\codex\stock_data\history\6706_TW.csv
6708.TW,38.75,13:30:00,38.75,39.96,40.385000000000005,below,below,47000,C:\codex\stock_data\history\6708_TW.csv
6715.TW,380.0,13:30:00,380.0,422.4,,below,N/A,841560,C:\codex\stock_data\history\6715_TW.csv
6716.TW,88.0,13:30:00,88.0,94.52000000000001,100.96000000000001,below,below,640000,C:\codex\stock_data\history\6716_TW.csv
6719.TW,213.0,13:30:00,213.0,225.8,,below,N/A,1217250,C:\codex\stock_data\history\6719_TW.csv
6720.TW,150.0,13:30:00,150.0,150.4,149.35,below,above,88000,C:\codex\stock_data\history\6720_TW.csv
6722.TW,38.9,13:30:00,38.9,39.18,,below,N/A,59552,C:\codex\stock_data\history\6722_TW.csv
6725.TW,278.0,13:30:00,278.0,290.9,308.8,below,below,209000,C:\codex\stock_data\history\6725_TW.csv
6727.TW,422.5,13:30:00,422.5,455.6,505.6,below,below,5591000,C:\codex\stock_data\history\6727_TW.csv
6732.TW,153.0,13:30:00,153.0,160.8,167.15,below,below,219960,C:\codex\stock_data\history\6732_TW.csv
6735.TW,91.4,13:30:00,91.4,97.78,101.8,below,below,443000,C:\codex\stock_data\history\6735_TW.csv
6739.TW,1165.0,13:30:00,1165.0,1211.0,1239.0,below,below,290182,C:\codex\stock_data\history\6739_TW.csv
6741.TW,61.9,13:30:00,61.9,63.18000000000001,63.370000000000005,below,below,394000,C:\codex\stock_data\history\6741_TW.csv
6742.TW,59.8,13:30:00,59.8,59.160000000000004,,above,N/A,8065446,C:\codex\stock_data\history\6742_TW.csv
6743.TW,30.05,13:30:00,30.05,30.080000000000002,,below,N/A,497957,C:\codex\stock_data\history\6743_TW.csv
6751.TW,48.35,13:30:00,48.35,49.269999999999996,49.325,below,below,21000,C:\codex\stock_data\history\6751_TW.csv
6752.TW,98.4,13:30:00,98.4,101.78,103.01000000000002,below,below,50000,C:\codex\stock_data\history\6752_TW.csv
6756.TW,93.8,13:30:00,93.8,94.32000000000001,,below,N/A,290699,C:\codex\stock_data\history\6756_TW.csv
6757.TW,53.6,13:30:00,53.6,53.42,,above,N/A,5600730,C:\codex\stock_data\history\6757_TW.csv
6761.TW,200.0,13:30:00,200.0,211.9,212.65,below,below,887000,C:\codex\stock_data\history\6761_TW.csv
6763.TW,47.85,13:30:00,47.85,48.38,46.285000000000004,below,above,3036000,C:\codex\stock_data\history\6763_TW.csv
6770.TW,64.4,13:30:00,64.4,71.8,,below,N/A,132801225,C:\codex\stock_data\history\6770_TW.csv
6776.TW,59.8,13:30:00,59.8,60.54,,below,N/A,419710,C:\codex\stock_data\history\6776_TW.csv
6781.TW,1080.0,13:30:00,1080.0,1115.0,,below,N/A,1636747,C:\codex\stock_data\history\6781_TW.csv
6788.TW,424.0,13:30:00,424.0,435.0,426.0,below,below,2620000,C:\codex\stock_data\history\6788_TW.csv
6789.TW,460.0,13:30:00,460.0,496.1,513.95,below,below,3065721,C:\codex\stock_data\history\6789_TW.csv
6791.TW,102.5,13:30:00,102.5,108.1,112.95,below,below,58000,C:\codex\stock_data\history\6791_TW.csv
6792.TW,66.0,13:30:00,66.0,69.05999999999999,,below,N/A,132498,C:\codex\stock_data\history\6792_TW.csv
6799.TW,84.5,13:30:00,84.5,91.7,,below,N/A,841547,C:\codex\stock_data\history\6799_TW.csv
6805.TW,1755.0,13:30:00,1755.0,1907.0,1962.5,below,below,2527318,C:\codex\stock_data\history\6805_TW.csv
6806.TW,4.97,13:30:00,4.97,5.537999999999999,,below,N/A,2311335,C:\codex\stock_data\history\6806_TW.csv
6811.TW,225.5,13:30:00,225.5,234.0,232.3,below,below,148000,C:\codex\stock_data\history\6811_TW.csv
6821.TW,65.0,13:30:00,65.0,66.24,68.16,below,below,314000,C:\codex\stock_data\history\6821_TW.csv
6823.TW,66.5,13:30:00,66.5,69.44,71.34,below,below,104000,C:\codex\stock_data\history\6823_TW.csv
6829.TW,193.0,13:30:00,193.0,201.4,213.75,below,below,688000,C:\codex\stock_data\history\6829_TW.csv
6830.TW,499.5,13:30:00,499.5,582.1,,below,N/A,3784467,C:\codex\stock_data\history\6830_TW.csv
6831.TW,731.0,13:30:00,731.0,736.4,,below,N/A,1141157,C:\codex\stock_data\history\6831_TW.csv
6834.TW,70.0,13:30:00,70.0,71.03999999999999,,below,N/A,1236591,C:\codex\stock_data\history\6834_TW.csv
6835.TW,36.85,13:30:00,36.85,37.510000000000005,,below,N/A,136035,C:\codex\stock_data\history\6835_TW.csv
6840.TW,65.2,13:30:00,65.2,67.56,67.46000000000001,below,below,111000,C:\codex\stock_data\history\6840_TW.csv
6854.TW,128.0,13:30:00,128.0,136.4,,below,N/A,656907,C:\codex\stock_data\history\6854_TW.csv
6855.TW,,13:30:00,126.5,129.1,124.0,below,above,20000,C:\codex\stock_data\history\6855_TW.csv
6859.TW,126.0,13:30:00,126.0,128.8,128.6,below,below,79000,C:\codex\stock_data\history\6859_TW.csv
6862.TW,194.5,13:30:00,194.5,196.0,,below,N/A,4343247,C:\codex\stock_data\history\6862_TW.csv
6863.TW,100.5,13:30:00,100.5,102.7,,below,N/A,115642,C:\codex\stock_data\history\6863_TW.csv
6865.TW,,13:30:00,27.5,28.23,27.285000000000004,below,above,5000,C:\codex\stock_data\history\6865_TW.csv
6870.TW,313.5,13:30:00,313.5,290.1,288.3,above,above,790000,C:\codex\stock_data\history\6870_TW.csv
6874.TW,84.6,13:30:00,84.6,82.97999999999999,81.99,above,above,131000,C:\codex\stock_data\history\6874_TW.csv
6877.TW,137.0,13:30:00,137.0,145.6,153.3,below,below,290000,C:\codex\stock_data\history\6877_TW.csv
6884.TW,,13:30:00,34.2,34.13,33.75,above,above,16000,C:\codex\stock_data\history\6884_TW.csv
6895.TW,163.5,13:30:00,163.5,165.5,155.25,below,above,180000,C:\codex\stock_data\history\6895_TW.csv
6899.TW,60.7,13:30:00,60.7,61.779999999999994,63.220000000000006,below,below,312000,C:\codex\stock_data\history\6899_TW.csv
6902.TW,144.5,13:30:00,147.5,143.9,142.1,above,above,179506,C:\codex\stock_data\history\6902_TW.csv
6903.TW,370.0,13:30:00,370.0,390.8,393.75,below,below,1251000,C:\codex\stock_data\history\6903_TW.csv
6906.TW,95.0,13:30:00,95.0,98.58,101.99,below,below,200182,C:\codex\stock_data\history\6906_TW.csv
6907.TW,132.0,13:30:00,132.0,150.0,138.45,below,below,2137000,C:\codex\stock_data\history\6907_TW.csv
6908.TW,,13:30:00,39.4,39.65,39.455,below,below,17326,C:\codex\stock_data\history\6908_TW.csv
6909.TW,43.45,13:30:00,43.45,46.519999999999996,49.239999999999995,below,below,801555,C:\codex\stock_data\history\6909_TW.csv
6910.TW,29.0,13:30:00,29.0,29.169999999999998,28.775,below,above,37000,C:\codex\stock_data\history\6910_TW.csv
6913.TW,125.0,13:30:00,125.0,132.3,135.6,below,below,335000,C:\codex\stock_data\history\6913_TW.csv
6916.TW,19.5,13:30:00,20.600000381469727,19.620000457763673,18.900000190734865,above,above,441354,C:\codex\stock_data\history\6916_TW.csv
6919.TW,88.4,13:30:00,91.3000030517578,94.34000091552734,96.41000061035156,below,below,3026688,C:\codex\stock_data\history\6919_TW.csv
6921.TW,,13:30:00,72.30000305175781,73.27999877929688,74.23999938964843,below,below,17504,C:\codex\stock_data\history\6921_TW.csv
6922.TW,189.0,13:30:00,189.0,192.8,195.65,below,below,644000,C:\codex\stock_data\history\6922_TW.csv
6924.TW,,13:30:00,146.5,161.4,169.75,below,below,117849,C:\codex\stock_data\history\6924_TW.csv
6925.TW,70.0,13:30:00,70.0,74.06,68.92,below,above,458000,C:\codex\stock_data\history\6925_TW.csv
6928.TW,43.0,13:30:00,44.5,46.05999908447266,46.64999961853027,below,below,76007,C:\codex\stock_data\history\6928_TW.csv
6933.TW,150.0,13:30:00,158.0,168.1,170.65,below,below,145156,C:\codex\stock_data\history\6933_TW.csv
6937.TW,272.5,13:30:00,284.0,285.7,297.0,below,below,948932,C:\codex\stock_data\history\6937_TW.csv
6953.TW,217.5,13:30:00,217.5,230.8,237.6,below,below,105000,C:\codex\stock_data\history\6953_TW.csv
6962.TW,34.2,13:30:00,34.75,35.90999984741211,36.94499969482422,below,below,2098105,C:\codex\stock_data\history\6962_TW.csv
6967.TW,70.9,13:30:00,70.9,70.26,70.44000000000001,above,above,113000,C:\codex\stock_data\history\6967_TW.csv
6996.TW,199.5,13:30:00,199.5,194.6,193.15,above,above,449000,C:\codex\stock_data\history\6996_TW.csv
6997.TW,,13:30:00,74.4,75.26,73.83000000000001,below,above,7000,C:\codex\stock_data\history\6997_TW.csv
7402.TW,92.5,13:30:00,92.5,96.24,98.47999999999999,below,below,273000,C:\codex\stock_data\history\7402_TW.csv
7547.TW,58.7,13:30:00,58.7,60.82000000000001,61.57000000000001,below,below,82000,C:\codex\stock_data\history\7547_TW.csv
7556.TW,268.5,13:30:00,268.5,279.8,277.85,below,below,183000,C:\codex\stock_data\history\7556_TW.csv
7631.TW,126.5,13:30:00,123.5,125.5,125.1,below,below,12489,C:\codex\stock_data\history\7631_TW.csv
7703.TW,188.0,13:30:00,188.0,197.2,201.95,below,below,146000,C:\codex\stock_data\history\7703_TW.csv
7704.TW,60.0,13:30:00,60.0,60.7,60.970000000000006,below,below,165000,C:\codex\stock_data\history\7704_TW.csv
7711.TW,353.0,13:30:00,353.0,373.9,385.0,below,below,597120,C:\codex\stock_data\history\7711_TW.csv
7712.TW,140.5,13:30:00,140.5,145.7,153.65,below,below,414000,C:\codex\stock_data\history\7712_TW.csv
7714.TW,130.5,13:30:00,130.5,135.7,128.75,below,above,195000,C:\codex\stock_data\history\7714_TW.csv
7717.TW,654.0,13:30:00,654.0,607.6,631.9,above,above,678000,C:\codex\stock_data\history\7717_TW.csv
7721.TW,76.6,13:30:00,81.19999694824219,77.97999877929688,76.73999938964843,above,above,840542,C:\codex\stock_data\history\7721_TW.csv
7722.TW,347.0,13:30:00,347.0,308.5,289.1,above,above,1613360,C:\codex\stock_data\history\7722_TW.csv
7728.TW,703.0,13:30:00,703.0,735.6,744.4,below,below,94000,C:\codex\stock_data\history\7728_TW.csv
7730.TW,183.0,13:30:00,183.0,184.1,197.0,below,below,115860,C:\codex\stock_data\history\7730_TW.csv
7734.TW,3320.0,13:30:00,3320.0,3139.0,3292.5,above,above,431000,C:\codex\stock_data\history\7734_TW.csv
7738.TW,169.0,13:30:00,169.0,168.2,169.95,above,below,65000,C:\codex\stock_data\history\7738_TW.csv
7744.TW,484.0,13:30:00,484.0,464.3,477.6,above,above,353000,C:\codex\stock_data\history\7744_TW.csv
7747.TW,,13:30:00,128.5,128.1,128.05,above,above,31000,C:\codex\stock_data\history\7747_TW.csv
7749.TW,523.0,13:30:00,523.0,480.6,,above,N/A,2894888,C:\codex\stock_data\history\7749_TW.csv
7751.TW,1390.0,13:30:00,1390.0,1486.0,1599.5,below,below,368000,C:\codex\stock_data\history\7751_TW.csv
7753.TW,41.8,13:30:00,41.8,42.27,42.68,below,below,23000,C:\codex\stock_data\history\7753_TW.csv
7765.TW,246.5,13:30:00,246.5,252.2,,below,N/A,109253,C:\codex\stock_data\history\7765_TW.csv
7767.TW,42.25,13:30:00,42.25,42.19,42.269999999999996,above,below,35000,C:\codex\stock_data\history\7767_TW.csv
7768.TW,384.0,13:30:00,384.0,401.2,,below,N/A,305331,C:\codex\stock_data\history\7768_TW.csv
7769.TW,6840.0,13:30:00,6840.0,7096.0,,below,N/A,877048,C:\codex\stock_data\history\7769_TW.csv
7770.TW,42.1,13:30:00,42.1,43.14,43.875,below,below,6000,C:\codex\stock_data\history\7770_TW.csv
7772.TW,142.5,13:30:00,142.5,163.6,156.05,below,below,426000,C:\codex\stock_data\history\7772_TW.csv
7788.TW,258.5,13:30:00,258.5,233.5,,above,N/A,3257354,C:\codex\stock_data\history\7788_TW.csv
7792.TW,259.0,13:30:00,259.0,271.5,278.0,below,below,145000,C:\codex\stock_data\history\7792_TW.csv
7795.TW,358.0,13:30:00,358.0,376.5,,below,N/A,360202,C:\codex\stock_data\history\7795_TW.csv
7805.TW,704.0,13:30:00,704.0,741.6,766.8,below,below,232000,C:\codex\stock_data\history\7805_TW.csv
7810.TW,201.0,13:30:00,201.0,215.2,224.65,below,below,79000,C:\codex\stock_data\history\7810_TW.csv
7822.TW,999.0,13:30:00,999.0,1088.8,,below,N/A,346136,C:\codex\stock_data\history\7822_TW.csv
7823.TW,84.9,13:30:00,84.9,90.56,,below,N/A,31545,C:\codex\stock_data\history\7823_TW.csv
7828.TW,1630.0,13:30:00,1630.0,1567.0,1521.5,above,above,425000,C:\codex\stock_data\history\7828_TW.csv
8011.TW,17.85,13:30:00,17.85,18.42,,below,N/A,734153,C:\codex\stock_data\history\8011_TW.csv
8016.TW,286.5,13:30:00,286.5,294.8,,below,N/A,1535291,C:\codex\stock_data\history\8016_TW.csv
8021.TW,556.0,13:30:00,556.0,484.2,,above,N/A,18225259,C:\codex\stock_data\history\8021_TW.csv
8024.TW,12.15,13:30:00,12.15,12.34,12.405,below,below,98000,C:\codex\stock_data\history\8024_TW.csv
8028.TW,315.0,13:30:00,315.0,321.3,,below,N/A,9291070,C:\codex\stock_data\history\8028_TW.csv
8032.TW,43.85,13:30:00,43.85,44.33,44.6,below,below,361000,C:\codex\stock_data\history\8032_TW.csv
8034.TW,23.4,13:30:00,23.4,23.89,24.135,below,below,521000,C:\codex\stock_data\history\8034_TW.csv
8038.TW,41.0,13:30:00,41.0,41.08,41.11,below,below,965000,C:\codex\stock_data\history\8038_TW.csv
8039.TW,129.0,13:30:00,129.0,134.8,,below,N/A,6219504,C:\codex\stock_data\history\8039_TW.csv
8040.TW,94.9,13:30:00,94.9,98.74,103.82000000000001,below,below,2016000,C:\codex\stock_data\history\8040_TW.csv
8042.TW,141.0,13:30:00,141.0,142.2,151.0,below,below,1659000,C:\codex\stock_data\history\8042_TW.csv
8043.TW,199.0,13:30:00,199.0,174.2,160.35,above,above,31809000,C:\codex\stock_data\history\8043_TW.csv
8044.TW,30.2,13:30:00,30.2,30.830000000000002,30.290000000000003,below,below,3336000,C:\codex\stock_data\history\8044_TW.csv
8045.TW,61.3,13:30:00,61.3,64.06,,below,N/A,293464,C:\codex\stock_data\history\8045_TW.csv
8046.TW,847.0,13:30:00,847.0,863.0,,below,N/A,17501947,C:\codex\stock_data\history\8046_TW.csv
8047.TW,51.7,13:30:00,51.7,50.550000000000004,47.595000000000006,above,above,31000,C:\codex\stock_data\history\8047_TW.csv
8048.TW,61.1,13:30:00,61.1,62.660000000000004,62.42,below,below,457000,C:\codex\stock_data\history\8048_TW.csv
8049.TW,26.15,13:30:00,26.5,26.919999999999998,26.939999999999998,below,below,237000,C:\codex\stock_data\history\8049_TW.csv
8050.TW,56.8,13:30:00,56.8,56.6,57.82000000000001,above,below,3113000,C:\codex\stock_data\history\8050_TW.csv
8054.TW,99.5,13:30:00,103.0,101.6,102.5,above,above,1887000,C:\codex\stock_data\history\8054_TW.csv
8059.TW,18.0,13:30:00,18.0,19.189999999999998,19.415,below,below,627000,C:\codex\stock_data\history\8059_TW.csv
8064.TW,138.5,13:30:00,138.5,154.9,153.7,below,below,24603000,C:\codex\stock_data\history\8064_TW.csv
8067.TW,,13:30:00,13.1,13.63,13.365,below,below,13000,C:\codex\stock_data\history\8067_TW.csv
8068.TW,18.85,13:30:00,18.85,19.48,19.75,below,below,274000,C:\codex\stock_data\history\8068_TW.csv
8069.TW,191.0,13:30:00,191.0,203.9,214.9,below,below,6997000,C:\codex\stock_data\history\8069_TW.csv
8070.TW,57.6,13:30:00,57.6,60.85999999999999,,below,N/A,15991463,C:\codex\stock_data\history\8070_TW.csv
8071.TW,22.7,13:30:00,21.55,21.369999999999997,21.425,above,above,1372000,C:\codex\stock_data\history\8071_TW.csv
8072.TW,28.3,13:30:00,28.3,29.310000000000002,,below,N/A,279113,C:\codex\stock_data\history\8072_TW.csv
8074.TW,71.1,13:30:00,71.1,71.76,73.49,below,below,5600000,C:\codex\stock_data\history\8074_TW.csv
8076.TW,26.6,13:30:00,26.6,27.630000000000003,26.310000000000002,below,above,2662000,C:\codex\stock_data\history\8076_TW.csv
8081.TW,258.5,13:30:00,258.5,269.4,,below,N/A,777175,C:\codex\stock_data\history\8081_TW.csv
8084.TW,47.4,13:30:00,47.4,48.47,48.46,below,below,100000,C:\codex\stock_data\history\8084_TW.csv
8085.TW,12.8,13:30:00,12.8,14.2,13.319999999999999,below,below,684000,C:\codex\stock_data\history\8085_TW.csv
8086.TW,147.0,13:30:00,147.0,152.0,159.3,below,below,5632000,C:\codex\stock_data\history\8086_TW.csv
8088.TW,57.5,13:30:00,57.5,61.11999999999999,61.82000000000001,below,below,2439000,C:\codex\stock_data\history\8088_TW.csv
8089.TW,21.15,13:30:00,21.15,21.06,20.72,above,above,2437000,C:\codex\stock_data\history\8089_TW.csv
8091.TW,235.0,13:30:00,235.0,241.4,249.9,below,below,1372000,C:\codex\stock_data\history\8091_TW.csv
8092.TW,14.8,13:30:00,15.55,16.259999999999998,16.82,below,below,80000,C:\codex\stock_data\history\8092_TW.csv
8093.TW,,13:30:00,18.3,18.21,18.15,above,above,15000,C:\codex\stock_data\history\8093_TW.csv
8096.TW,118.0,13:30:00,118.0,125.5,127.9,below,below,9138000,C:\codex\stock_data\history\8096_TW.csv
8097.TW,59.0,13:30:00,59.0,57.9,58.7,above,above,56000,C:\codex\stock_data\history\8097_TW.csv
8099.TW,60.0,13:30:00,62.0,64.66,62.94,below,below,789000,C:\codex\stock_data\history\8099_TW.csv
8101.TW,,13:30:00,16.6,15.99,,above,N/A,5141,C:\codex\stock_data\history\8101_TW.csv
8102.TW,,13:30:00,73.3,76.34,74.32,below,below,33000,C:\codex\stock_data\history\8102_TW.csv
8103.TW,94.8,13:30:00,94.8,99.28,,below,N/A,1612135,C:\codex\stock_data\history\8103_TW.csv
8104.TW,39.25,13:30:00,39.25,41.32,,below,N/A,2707439,C:\codex\stock_data\history\8104_TW.csv
8105.TW,20.7,13:30:00,20.7,20.5,,above,N/A,33678834,C:\codex\stock_data\history\8105_TW.csv
8109.TW,120.0,13:30:00,120.0,120.1,121.95,below,below,409000,C:\codex\stock_data\history\8109_TW.csv
8110.TW,51.8,13:30:00,51.8,54.86,,below,N/A,8936222,C:\codex\stock_data\history\8110_TW.csv
8111.TW,56.4,13:30:00,56.4,59.92,62.45,below,below,1587000,C:\codex\stock_data\history\8111_TW.csv
8112.TW,92.6,13:30:00,92.6,91.34,,above,N/A,60537547,C:\codex\stock_data\history\8112_TW.csv
8114.TW,202.5,13:30:00,202.5,217.1,,below,N/A,1114167,C:\codex\stock_data\history\8114_TW.csv
8121.TW,44.5,13:30:00,44.5,41.11,40.335,above,above,9210000,C:\codex\stock_data\history\8121_TW.csv
8131.TW,66.9,13:30:00,66.9,68.58000000000001,,below,N/A,5416642,C:\codex\stock_data\history\8131_TW.csv
8147.TW,148.0,13:30:00,148.0,154.7,162.8,below,below,1020000,C:\codex\stock_data\history\8147_TW.csv
8150.TW,88.3,13:30:00,88.3,93.46000000000001,,below,N/A,78380740,C:\codex\stock_data\history\8150_TW.csv
8155.TW,355.0,13:30:00,355.0,366.3,381.05,below,below,1403000,C:\codex\stock_data\history\8155_TW.csv
8162.TW,66.4,13:30:00,66.4,69.67999999999999,,below,N/A,495920,C:\codex\stock_data\history\8162_TW.csv
8163.TW,42.05,13:30:00,42.05,40.96,,above,N/A,16596240,C:\codex\stock_data\history\8163_TW.csv
8176.TW,10.1,13:30:00,10.1,10.239999999999998,10.26,below,below,111000,C:\codex\stock_data\history\8176_TW.csv
8182.TW,49.6,13:30:00,49.6,46.910000000000004,46.230000000000004,above,above,20804000,C:\codex\stock_data\history\8182_TW.csv
8183.TW,30.8,13:30:00,30.8,31.820000000000004,32.125,below,below,471000,C:\codex\stock_data\history\8183_TW.csv
8201.TW,13.2,13:30:00,13.300000190734863,13.84000015258789,13.600000095367431,below,below,84568,C:\codex\stock_data\history\8201_TW.csv
8210.TW,1445.0,13:30:00,1510.0,1426.0,1399.0,above,above,2963382,C:\codex\stock_data\history\8210_TW.csv
8213.TW,35.0,13:30:00,36.04999923706055,36.80999984741211,37.95,below,below,1002477,C:\codex\stock_data\history\8213_TW.csv
8215.TW,28.85,13:30:00,28.8,29.880000000000003,,below,N/A,2437949,C:\codex\stock_data\history\8215_TW.csv
8227.TW,175.0,13:30:00,175.0,191.0,203.95,below,below,2001000,C:\codex\stock_data\history\8227_TW.csv
8234.TW,63.4,13:30:00,63.4,66.58,69.08,below,below,639000,C:\codex\stock_data\history\8234_TW.csv
8240.TW,55.6,13:30:00,55.6,58.04,60.589999999999996,below,below,764000,C:\codex\stock_data\history\8240_TW.csv
8249.TW,50.1,13:30:00,51.900001525878906,53.44000015258789,54.489999771118164,below,below,576963,C:\codex\stock_data\history\8249_TW.csv
8261.TW,156.5,13:30:00,164.5,167.8,,below,N/A,5781168,C:\codex\stock_data\history\8261_TW.csv
8271.TW,202.0,13:30:00,217.0,228.8,,below,N/A,2460801,C:\codex\stock_data\history\8271_TW.csv
8272.TW,70.6,13:30:00,70.6,71.38,71.86999999999999,below,below,13000,C:\codex\stock_data\history\8272_TW.csv
8277.TW,10.3,13:30:00,10.3,11.03,10.286000000000001,below,above,312000,C:\codex\stock_data\history\8277_TW.csv
8284.TW,63.3,13:30:00,63.3,63.239999999999995,63.17999999999999,above,above,11000,C:\codex\stock_data\history\8284_TW.csv
8289.TW,68.2,13:30:00,68.2,67.98,70.19000000000001,above,below,9005000,C:\codex\stock_data\history\8289_TW.csv
8291.TW,,13:30:00,51.9,64.64,86.89000000000001,below,below,57000,C:\codex\stock_data\history\8291_TW.csv
8299.TW,2155.0,13:30:00,2155.0,2359.0,2509.5,below,below,7107000,C:\codex\stock_data\history\8299_TW.csv
8358.TW,555.0,13:30:00,555.0,582.4,598.3,below,below,1976000,C:\codex\stock_data\history\8358_TW.csv
8383.TW,58.0,13:30:00,58.0,58.67999999999999,59.86,below,below,1091000,C:\codex\stock_data\history\8383_TW.csv
8410.TW,34.2,13:30:00,34.2,34.65,34.635000000000005,below,below,30000,C:\codex\stock_data\history\8410_TW.csv
8416.TW,,13:30:00,182.0,181.9,183.1,above,below,17000,C:\codex\stock_data\history\8416_TW.csv
8422.TW,30.25,13:30:00,29.6,28.2,,above,N/A,23215533,C:\codex\stock_data\history\8422_TW.csv
8431.TW,48.05,13:30:00,48.05,52.05,53.894999999999996,below,below,753000,C:\codex\stock_data\history\8431_TW.csv
8454.TW,449.5,13:30:00,426.5,356.1,291.95,above,above,3482760,C:\codex\stock_data\history\8454_TW.csv
8455.TW,28.8,13:30:00,28.8,32.06,37.405,below,below,32000,C:\codex\stock_data\history\8455_TW.csv
8472.TW,,13:30:00,90.0,90.08,86.75,below,above,49000,C:\codex\stock_data\history\8472_TW.csv
8477.TW,,13:30:00,18.3,18.94,19.315,below,below,119000,C:\codex\stock_data\history\8477_TW.csv
8487.TW,80.2,13:30:00,81.5,79.62000122070313,80.15999984741211,above,above,79580,C:\codex\stock_data\history\8487_TW.csv
8499.TW,270.0,13:30:00,281.5,288.2,298.95,below,below,59106,C:\codex\stock_data\history\8499_TW.csv
9904.TW,26.5,13:30:00,26.5,26.35,25.964999999999996,above,above,24459293,C:\codex\stock_data\history\9904_TW.csv
9912.TW,12.5,13:30:00,12.5,12.54000015258789,12.5,below,below,45747,C:\codex\stock_data\history\9912_TW.csv
9958.TW,111.0,13:30:00,113.5,114.8,109.0,below,above,4541230,C:\codex\stock_data\history\9958_TW.csv
^TWII,,,43225.5390625,44787.1765625,44745.728515625,below,below,0,C:\codex\stock_data\history\^TWII.csv
